ad	ad_seconds	dem	synt_pos	anim	anaphor_device	anaphor_form	anaphor_referent	anaphor_start	anaphor_end	anaphor_sentence_transcription	anaphor_sentence_translation	previous_device	previous_form	previous_referent	previous_start	previous_end	previous_sentence_transcription	previous_sentence_translation	filename
5	2.896790873501292	MED	ADNOM	INANIM	MED_NP	had χɨˤr	pears	22.136333509527613	22.59292369482003	had χɨˤr awara t'aka.	эти груши закидывал в карзину	NP	χɨˤr	pears	18.95856406046176	19.23954263602632	Eteka ara sasana sasana χɨlira kʲaqlawara χɨˤr.	в падол по одной по одной рукой срывал груши	kna_pears_ldm_4.TextGrid
3	0.45923464168398453	MED	INDEP	ANIM	MED	Had xa	man2	35.37925101501222	35.73486452471112	Had xa hanowdɨ bejda tiʔ ruura ǯalgɨr, jesalam kalam ǯɨwɨr.	он проходит мимо его не сказав ничего даже не поздоровавшись	NP	c'iʔ χana edemi	man2	33.84000497350195	34.92001637332824	Tinʲa miʔ [...] t'aka awad momenta, tinʲa miʔ lipxura, c'iʔ χana edemi.	оттуда сюда в момент когда закидывал в карзину оттуда сюда идет, с козой человек	kna_pears_ldm_4.TextGrid
10	4.36007975268145	MED	INDEP	ANIM	MED	hanowdɨ	man	35.73486452471112	36.01145281003249	Had xa hanowdɨ bejda tiʔ ruura ǯalgɨr, jesalam kalam ǯɨwɨr.	он проходит мимо его не сказав ничего даже не поздоровавшись	ZERO	awad	man	31.326491579354514	31.37478477202967	Tinʲa miʔ [...] t'aka awad momenta, tinʲa miʔ lipxura, c'iʔ χana edemi.	оттуда сюда в момент когда закидывал в карзину оттуда сюда идет, с козой человек	kna_pears_ldm_4.TextGrid
9	4.6193909097754755	PROX	ADNOM	ANIM	PROX_NP	mi edemi	man	40.63084371980796	41.192800870937084	Ma mi edemi [...] eteka abɨr q'aˤra hɨɨr lʲaqaˤbhura χuka.	опять этот человек поставиви то что было у него вкарзину залезает на дерево.	MED	hanowdɨ	man	35.73486452471112	36.01145281003249	Had xa hanowdɨ bejda tiʔ ruura ǯalgɨr, jesalam kalam ǯɨwɨr.	он проходит мимо его не сказав ничего даже не поздоровавшись	kna_pears_ldm_4.TextGrid
14	0.07051582382955957	PROX	INDEP	ANIM	PROX	minow	man	45.66971915063664	45.99460062863316	Laʔ leqeč'ur minow χɨˤr kʲaqlawara hukud kaldɨga tinʲa miʔ ruura χɨnɨχ, welisepeda hana.	залез наверх отвлекшись срывая груши снизу подходит мальчик, на велосипеде	ZERO	leqeč'ur	man	45.53115382803753	45.59920332680708	Laʔ leqeč'ur minow χɨˤr kʲaqlawara hukud kaldɨga tinʲa miʔ ruura χɨnɨχ, welisepeda hana.	залез наверх отвлекшись срывая груши снизу подходит мальчик, на велосипеде	kna_pears_ldm_4.TextGrid
16	0.10097667559351464	MED	ADNOM	ANIM	MED_NP	had χɨnχɨrɨ	boy	52.49416721673509	53.53447969697758	Jirq'ɨr had χɨnχɨrɨ, miʔ lahɨr tiʔ lahɨr, lepšura χɨˤr ad t'ak ǯudɨ welisepeda uu lilxera.	подойдя этот мальчик, сюда  посмотрел туда посмотрел, берет карзину с грушами и ставит ее на свой велосипед	ZERO	Jirq'ɨr	boy	52.309775026520846	52.39319054114158	Jirq'ɨr had χɨnχɨrɨ, miʔ lahɨr tiʔ lahɨr, lepšura χɨˤr ad t'ak ǯudɨ welisepeda uu lilxera.	подойдя этот мальчик, сюда  посмотрел туда посмотрел, берет карзину с грушами и ставит ее на свой велосипед	kna_pears_ldm_4.TextGrid
19	0.8561065974232775	SELF	INDEP	ANIM	SELF	ǯudɨ	boy	57.289076477450315	57.56127447252848	Jirq'ɨr had χɨnχɨrɨ, miʔ lahɨr tiʔ lahɨr, lepšura χɨˤr ad t'ak ǯudɨ welisepeda uu lilxera.	подойдя этот мальчик, сюда  посмотрел туда посмотрел, берет карзину с грушами и ставит ее на свой велосипед	ZERO	lepšura	boy	56.35394465564951	56.43296988002704	Jirq'ɨr had χɨnχɨrɨ, miʔ lahɨr tiʔ lahɨr, lepšura χɨˤr ad t'ak ǯudɨ welisepeda uu lilxera.	подойдя этот мальчик, сюда  посмотрел туда посмотрел, берет карзину с грушами и ставит ее на свой велосипед	kna_pears_ldm_4.TextGrid
7	0.047017488782842065	PROX	INDEP	ANIM	PROX	mid xa	boy	60.343871275403224	60.71265565583171	Uu lixir mid xa uu leqeč'ur,	ставит наверх и сам залезает	ZERO	lixir	boy	60.24856059394522	60.29685378662038	Uu lixir mid xa uu leqeč'ur,	ставит наверх и сам залезает	kna_pears_ldm_4.TextGrid
37	18.250094672153402	MED	ADNOM	ANIM	MED_COMPLEX_NP	uu had χuka had edemies	man	64.24469530078656	65.49899014423191	Nu mi uu had χuka had edemies χabar adiš.	ну этот человек который на дереве не знает об этом	PROX	minow	man	45.66971915063664	45.99460062863316	Laʔ leqeč'ur minow χɨˤr kʲaqlawara hukud kaldɨga tinʲa miʔ ruura χɨnɨχ, welisepeda hana.	залез наверх отвлекшись срывая груши снизу подходит мальчик, на велосипеде	kna_pears_ldm_4.TextGrid
11	3.901445976965853	PROX	INDEP	ANIM	PROX	mid	boy	67.43055166570096	67.6281147266448	Ha mid rɨˤqaˤ jiina χaqɨna χɨˤrbɨr,	тогда он по дороге с грушами едя	ZERO	hiqwirgarij	boy	63.458861044843964	63.52910568873511	erimiš quˤhuˤra hiqwirgarij.	трогается уезжает отгоняет	kna_pears_ldm_4.TextGrid
7	3.0097281729115934	MED	ADNOM	ANIM	MED_NP	Had rɨšekan	girl	74.94094503859564	75.82997881284285	Had rɨšekan misa rɨšʲa hukujne mid dahras xura jɨχɨˤr weliseped luwurkara.	с этой девушкой  так на девушку посмотрев ударяется в камень и велосипед падает	NP	rɨš	girl	71.49657813160763	71.93121686568405	tinʲa miʔ [ruu...] liripxura rɨš.	оттуда сюда едет девушка	kna_pears_ldm_4.TextGrid
2	0.6281895991044166	MED	ADNOM	ANIM	MED_NP	Had χɨnimeše	boys	87.25276619072187	87.96399321011965	Had χɨnimeše kumag haara χɨˤr xa Jahmiš kawaas ara xa aq'ʷɨɨr,	эти мальчики  помогают собрать груши и кладут их	NP	xibɨr χɨnɨχ	boys	85.89798355636849	86.62457659161745	[...] Haj xele tinʲa miʔ mada lidibxura χɨnimer, xibɨr χɨnɨχ.	там потом, оттуда сюда появляются мальчики, три мальчика	kna_pears_ldm_4.TextGrid
7	0.6984896381745926	PROX	INDEP	ANIM	PROX	mid	boy	93.24038391945014	93.66404692791858	uu saqahur, siqirgara [mid].	сажают его и отпускают	ZERO	saqahur	boy	92.46067391177642	92.54189428127555	uu saqahur, siqirgara [mid].	сажают его и отпускают	kna_pears_ldm_4.TextGrid
12	4.58445880893116	PROX	INDEP	ANIM	PROX	minowdɨ	boy	98.24850573684974	98.67216874531816	huq'li had šapk'a minowdɨ rɨˤɢa sejira.	шапка которая на головке была валяется на дороге	PROX	mid	boy	93.24038391945014	93.66404692791858	uu saqahur, siqirgara [mid].	сажают его и отпускают	kna_pears_ldm_4.TextGrid
3	1.1480348241895655	MED	ADNOM	INANIM	MED_NP	ha šapk'a	hat	102.00501674061107	102.51648555394343	ha šapk'a xa q'ɨwɨlc'ara mi χɨnχɨ uu.	эту шапку отдают этому мальчику	ZERO	Leqešur	hat	100.79551785301675	100.8569819164215	Leqešur süt waara,	забрав свистят ему	kna_pears_ldm_4.TextGrid
10	4.585759277450393	PROX	ADNOM	ANIM	PROX_NP	mi χɨnχɨ	boy	103.25792802276855	103.6574444348994	ha šapk'a xa q'ɨwɨlc'ara mi χɨnχɨ uu.	эту шапку отдают этому мальчику	PROX	minowdɨ	boy	98.24850573684974	98.67216874531816	huq'li had šapk'a minowdɨ rɨˤɢa sejira.	шапка которая на головке была валяется на дороге	kna_pears_ldm_4.TextGrid
4	1.866601844423542	MED	ADNOM	ANIM	MED_NP	ha χɨnχɨra	boy	105.52404627932295	106.00697820607452	Xele ha χɨnχɨra ehip'ir t'aka wɨlc'ara xib χɨˤr.	потом этот мальчик из карзины дает три груши	PROX_NP	mi χɨnχɨ	boy	103.25792802276855	103.6574444348994	ha šapk'a xa q'ɨwɨlc'ara mi χɨnχɨ uu.	эту шапку отдают этому мальчику	kna_pears_ldm_4.TextGrid
4	1.7766008944379763	PROX	ADNOM	ANIM	PROX_NP	mi χɨnimer	boys	109.13177629950107	109.91105281766838	[...] mi χɨnimer χɨˤr wiilera qudhura.	эти мальчики кушая груши уходят	ZERO	wɨlc'ara	boys	107.29151619653675	107.3551754050631	Xele ha χɨnχɨra ehip'ir t'aka wɨlc'ara xib χɨˤr.	потом этот мальчик из карзины дает три груши	kna_pears_ldm_4.TextGrid
106	47.61984279197739	DIST	ADNOM	ANIM	DIST_NP	ti edemi	man	113.1188329362093	113.60615515320407	Ha dekɨe ula ti edemi saʔ eqeč'ur χɨˤr kʲaqlawad.	в это время сверху вниз спукается мужик который груши срывал	MED_COMPLEX_NP	uu had χuka had edemies	man	64.24469530078656	65.49899014423191	Nu mi uu had χuka had edemies χabar adiš.	ну этот человек который на дереве не знает об этом	kna_pears_ldm_4.TextGrid
15	0.16463588411986052	DIST	ADNOM	INANIM	DIST_NP	ti ac'ɨd xa	basket	123.11621494151643	123.65402549630795	Sa mada, sa Jarɨmčuχdɨ jii, sa ac'ɨd, i ti ac'ɨd xa madiš.	одна осталась одна неполная одна полная и той полной нет	NP	sa ac'ɨd	basket	122.43571995382104	122.95157905739657	Sa mada, sa Jarɨmčuχdɨ jii, sa ac'ɨd, i ti ac'ɨd xa madiš.	одна осталась одна неполная одна полная и той полной нет	kna_pears_ldm_4.TextGrid
20	0.12872967592997497	MED	ADNOM	ANIM	MED_NP	ha χanimešdɨ	boys	129.76099264543626	130.43568608401117	Xele kande, begida tiʔ χɨnimer duruura, χɨˤr xa wiilera xibɨr saka χɨnɨχ, ha χanimešdɨ ǯibra lahɨr argara.	потом  рядом проходят мальчики  кушая груши все три мальчика за этими мальчиками смотря остается	NP	xibɨr saka χɨnɨχ	boys	128.68396027697594	129.6322629695063	Xele kande, begida tiʔ χɨnimer duruura, χɨˤr xa wiilera xibɨr saka χɨnɨχ, ha χanimešdɨ ǯibra lahɨr argara.	потом  рядом проходят мальчики  кушая груши все три мальчика за этими мальчиками смотря остается	kna_pears_ldm_4.TextGrid
15	8.6039864036347	MED	ADNOM	ANIM	MED_NP	ha edemi	man	30.733102119448837	31.123837951093304	Xele mada ha edemi saʔ seqeč'ur,	потом опять этот мужчина спустившись,	ZERO	hɨɨr	man	22.093993393868566	22.129115715814137	Šuw Jaʁmiš hɨɨr hile karzinae aaraj, begida tiʔ gada haˤrχɨˤr, c'ihikʷan.	этот собирая  в корзину мимо прошел молодой парень, с козой	kna_pears_lal_5.TextGrid
3	0.7771398963783867	MED	INDEP	ANIM	MED	Habiše	boys	61.736617319357904	62.13174344124556	Habiše kumag hɨɨr hanowus Jaʁmiš qaas karzina uu hiji liqiwxir welosipeda, rɨˤʁaˤ eqijir.	они помогли ему собрать корзину наверх поставив на велосипед, в дорогу отправили	NP	xibɨ χɨnɨχ	boys	60.19117663042017	60.95947742297952	Lukur rɨšera ule ubra hɨɨr diš tinʲa miʔ xibɨ χɨnɨχ jidq'ɨr.	упал, девочка не обратила внимания, оттуда трое мальчиков подошло	kna_pears_lal_5.TextGrid
14	4.633030945881934	MED	INDEP	ANIM	MED	hanowus	boy	62.79190647002651	63.1475199797254	Habiše kumag hɨɨr hanowus Jaʁmiš qaas karzina uu hiji liqiwxir welosipeda, rɨˤʁaˤ eqijir.	они помогли ему собрать корзину наверх поставив на велосипед, в дорогу отправили	ZERO	Lukur	boy	58.128143492442206	58.15887552414458	Lukur rɨšera ule ubra hɨɨr diš tinʲa miʔ xibɨ χɨnɨχ jidq'ɨr.	упал, девочка не обратила внимания, оттуда трое мальчиков подошло	kna_pears_lal_5.TextGrid
1	0.6848852779386192	MED	INDEP	ANIM	MED	hanowus	boy	34.25382303825139	34.635778289409465	hanowus rɨš gɨˤrχɨˤra ni rii.	он встречает девочку	ZERO	qiina	boy	33.45039992374647	33.56893776031277	Χɨˤrbɨr ad sabaj dagul hawɨr, qiina...	с грушами одну украв ехав	kna_pears_alj_6.TextGrid
5	3.1147521157733564	MED	INDEP	ANIM	MED	Hanowus	boy	37.75053040518282	38.07980217342254	Hanowus rɨš gɨˤrχɨˤr,	он встретив девочку	MED	hanowus	boy	34.25382303825139	34.635778289409465	hanowus rɨš gɨˤrχɨˤra ni rii.	он встречает девочку	kna_pears_alj_6.TextGrid
4	2.3333819401370093	MED	INDEP	ANIM	MED	hanowula	boy	40.41318411355955	40.76879762325845	rɨšera hanowula q'ak setir,	девочка сняла с него шапку	MED	Hanowus	boy	37.75053040518282	38.07980217342254	Hanowus rɨš gɨˤrχɨˤr,	он встретив девочку	kna_pears_alj_6.TextGrid
3	1.9447905097878433	MED	INDEP	ANIM	MED	had	boy	42.713588133046294	42.92871235496291	had ʁukujne, daχraχda qapgɨr welosiped luwkur.	он отвлекся , зацепившись за камень велосипед падает	MED	hanowula	boy	40.41318411355955	40.76879762325845	rɨšera hanowula q'ak setir,	девочка сняла с него шапку	kna_pears_alj_6.TextGrid
6	5.376664979892702	DIST	ADNOM	ANIM	DIST_NP	ti gadieše	boys	61.340731671638764	62.205618849548436	hanowus... šuw jik'uutχur q'ak, ti gadieše qɨwɨjne hanowus,	ему, это забыл, шапку, те мальчики отдали ему	ZERO	aqɨɨr	boys	55.82357740396378	55.96406669174606	Ara aqɨɨr, ǯibra...	собрав внутрь , потом..	kna_pears_alj_6.TextGrid
12	13.292750714093607	MED	INDEP	ANIM	MED	hanowus	boy	62.62259457069821	63.00015953161309	hanowus... šuw jik'uutχur q'ak, ti gadieše qɨwɨjne hanowus,	ему, это забыл, шапку, те мальчики отдали ему	ZERO	kumag hɨɨr	boy	49.29033124441584	49.329843856604604	Maddɨ χɨnimeše kumag hɨɨr, laʔ leqirir.	другие дети помогли , подняли	kna_pears_alj_6.TextGrid
58	60.84951931122181	DIST	ADNOM	ANIM	DIST_NP	ti edemi	man	84.952817533451	85.61051927791276	ti edemi saʔ eqeč'u, ula saʔ.	тот мужик спустился вниз, сверху вниз	ZERO	leqeč'ujne	man	24.015492417365255	24.10329822222918	Ara awɨr, ma laʔ leqeč'ujne, χɨnɨχ jirɢɨr welosipedakan.	поставив внутрь полез обратно наверх мальчик приехал на велосипеде	kna_pears_alj_6.TextGrid
34	16.526044265003364	DIST	ADNOM	ANIM	DIST_NP	Ti χɨnimešiχda	boys	100.49335755163403	101.57556409658191	Ti χɨnimešiχda gʲaʁɨr argɨr,	на тех мальчиков засмотрелся и остался	NP	Godier	boys	83.47779592451428	83.96731328663067	Godier qidina,	мальчики шли	kna_pears_alj_6.TextGrid
54	42.32292436861367	DIST	ADNOM	ANIM	DIST_NP	ti χɨnɨχ xa	boy	105.32308390022676	105.9639558838569	ti χɨnɨχ xa χala qaˤrχɨˤr	тот мальчик тоже доиой пошел	MED	hanowus	boy	62.62259457069821	63.00015953161309	hanowus... šuw jik'uutχur q'ak, ti gadieše qɨwɨjne hanowus,	ему, это забыл, шапку, те мальчики отдали ему	kna_pears_alj_6.TextGrid
10	0.3687843804284876	MED	INDEP	ANIM	MED	hanuw	man	8.206836729154602	8.680988075419803	zas sa edemi ʁagur hanuw χɨˤrbɨr kʲaʁɨʔɨr	я одного человека увидела, он груши собирал	ONE_NP	sa edemi	man	7.407803904892877	7.838052348726115	zas sa edemi ʁagur hanuw χɨˤrbɨr kʲaʁɨʔɨr	я одного человека увидела, он груши собирал	kna_pears_nrg_11.TextGrid
14	15.828240311726955	MED	ADNOM	ANIM	MED_NP	ha χɨnχɨr	boy	32.56161207685983	33.26844880601443	χɨˤrbɨr xele ha χɨnχɨr paj hɨʔɨr, hannur sa sa liwir	груши потом этот мальчик раздал, каждый по одной съел	ZERO	qiʔina	boy	16.649956250512147	16.733371765132876	dagul hɨʔɨr welisipedakan qiʔina	своровал, на велосипеде обратно уезжая	kna_pears_nrg_11.TextGrid
1	0.5443959901563389	SELF	INDEP	ANIM	SELF	jüǯ	man	16.702338697657137	16.913072629330557	jüǯ laʔ leqeč'udka madan ala miʔ	как только он поднялся снизу сюда	ZERO	aqaara	man	15.991111678259337	16.157942707500798	χana a... saʔ seč'ubɨr xa Jaʁmiš qɨɨr ara aqaara	принося упавшие собрав кладет внутрь	kna_pears_mgm_2.TextGrid
10	5.243081191878332	MED	ADNOM	ANIM	MED_NP	ha χɨnχɨs	boy	37.30908324432198	37.73933168815522	ǯibraa xibɨr χɨnɨχ jirq'ɨr ha χɨnχɨs Jaʁmiš hɨɨr χɨˤrbɨr xa ara iqixir	потом трое мальчиков пришли этому мальчику собрали груши и поставили	NP	χɨnɨχ	boy	31.727949703717535	32.06600205244365	rɨšed tamaše haat' xur χɨnɨχ jüǯ lukur χɨˤrbɨr saʔ seč'ur	насмотревшись на девушку маьчик падает и груши роняет	kna_pears_mgm_2.TextGrid
13	1.06200139293135	PROX	INDEP	ANIM	PROX	mibišis	boys	50.68370594623402	51.12273497055365	šapk'a qɨwɨdя quʔ xele χɨnχɨra mibišis xib χɨˤr wɨlc'ara	после того как отдает шапку мальчик дает три груши	ZERO	qɨwɨdя	boys	49.55145990941153	49.62170455330267	šapk'a qɨwɨdя quʔ xele χɨnχɨra mibišis xib χɨˤr wɨlc'ara	после того как отдает шапку мальчик дает три груши	kna_pears_mgm_2.TextGrid
17	2.612222694701792	SELF	INDEP	ANIM	SELF	ǯudɨ	man	60.34696630083411	60.680628359317026	ula saʔ edemi eqeč'ur saʔ seqeč'ur gʲaʁɨd karzina mabdiš ǯudɨ	сверху вниз мужчина вниз спустившись видит что его корзины нет	NP	edemi	man	57.33083690375826	57.73474360613232	ula saʔ edemi eqeč'ur saʔ seqeč'ur gʲaʁɨd karzina mabdiš ǯudɨ	сверху вниз мужчина вниз спустившись видит что его корзины нет	kna_pears_mgm_2.TextGrid
14	7.381335913687614	MED	INDEP	ANIM	MED	hanowdɨ	boy	57.62983025614429	58.215934003611	Haя χɨˤrbɨr saʔ leč'ur hanowdɨ.	тогда упали и его груши	ZERP	gɨˤrχɨˤr	boy	50.18483513393033	50.248494342456674	Qaχɨd ǯigij rɨš gɨˤrχɨˤr tinʲaː miʔ wiid welosipedas.	когда убежал встретил девушку на велосипеде	kna_pears_vdm_3.TextGrid
2	2.844800163139638	MED	INDEP	ANIM	MED	hadxa	boy	61.060734166750635	61.43610398254392	Ej, hadxa lurkuraj šuw?	она тоже упала же(говорит кому-то)	MED	hanowdɨ	boy	57.62983025614429	58.215934003611	Haя χɨˤrbɨr saʔ leč'ur hanowdɨ.	тогда упали и его груши	kna_pears_vdm_3.TextGrid
22	13.015581951212688	MED	INDEP	ANIM	MED	hanowdɨ	boy	74.45168593375661	74.96095960196737	sabajnuw χɨˤrbɨr Jahmiš qaaraj hanowdɨ,	один собирал ему груши	MED	hadxa	boy	61.060734166750635	61.43610398254392	Ej, hadxa lurkuraj šuw?	она тоже упала же(говорит кому-то)	kna_pears_vdm_3.TextGrid
6	3.823021292121993	SELF	INDEP	ANIM	SELF	Juǯ	man	99.60382484556926	99.9177305979578	Я Juǯ halgɨr diš ti χɨnimer xa hatχɨˤr haя tiʔ dülqera.	сам вообще не разговаривал с мальчикам те тоже прошли мимо играясь	ZERO	ǯigɨj:	man	95.68357254011458	95.78080355344727	Haя bejda tiʔ diid χɨnimešda χutkas xud ǯigɨj:	тогда рядом туда проходяших мальчиков спросить решил:	kna_pears_vdm_3.TextGrid
15	6.1297808803855105	DIST	ADNOM	ANIM	DIST_NP	ti χɨnimer xa	boys	100.56732458668277	101.14903804390629	Я Juǯ halgɨr diš ti χɨnimer xa hatχɨˤr haя tiʔ dülqera.	сам вообще не разговаривал с мальчикам те тоже прошли мимо играясь	COMPLEX_NP	bejda tiʔ diid χɨnimešda	boys	92.90663728793142	94.43754370629726	Haя bejda tiʔ diid χɨnimešda χutkas xud ǯigɨj:	тогда рядом туда проходяших мальчиков спросить решил:	kna_pears_vdm_3.TextGrid
12	5.159204422647932	DIST	ADNOM	ANIM	DIST_NP	ti χɨnimer	boys	106.30824246655422	106.87019961768334	Haя ti χɨnimer diid ǯigɨj rɨˤɢaˤ šlʲapa agɨr habišda.	когда те мальчики шли по дороге находят шляпу они	DIST_NP	ti χɨnimer xa	boys	100.56732458668277	101.14903804390629	Я Juǯ halgɨr diš ti χɨnimer xa hatχɨˤr haя tiʔ dülqera.	сам вообще не разговаривал с мальчикам те тоже прошли мимо играясь	kna_pears_vdm_3.TextGrid
16	2.0713111056316933	DIST	INDEP	ANIM	DIST	habišda	boys	108.94151072331503	109.5583465024841	Haя ti χɨnimer diid ǯigɨj rɨˤɢaˤ šlʲapa agɨr habišda.	когда те мальчики шли по дороге находят шляпу они	DIST_NP	ti χɨnimer	boys	106.30824246655422	106.87019961768334	Haя ti χɨnimer diid ǯigɨj rɨˤɢaˤ šlʲapa agɨr habišda.	когда те мальчики шли по дороге находят шляпу они	kna_pears_vdm_3.TextGrid
61	36.109826268752855	DIST	ADNOM	ANIM	DIST_NP	ti χɨnɨχ	boy	111.07078587072023	111.56249837795822	Süt hawɨr ti χɨnɨχ qurha qɨɨr,	свиснув мальчика развернули	MED	hanowdɨ	boy	74.45168593375661	74.96095960196737	sabajnuw χɨˤrbɨr Jahmiš qaaraj hanowdɨ,	один собирал ему груши	kna_pears_vdm_3.TextGrid
2	0.9153755157064154	DIST	ADNOM	ANIM	DIST_NP	ti χɨnimešis	boys	115.80015645743265	116.53333492804643	Haя ti χɨnimešis hanuw xibnowɨs xib χɨˤr hɨwɨraj.	тогда тем мальчикам троим три груши дал он	ZERO	qɨwɨr	boys	114.78599941125432	114.88478094172623	šlʲapa qɨwɨr.	шляпу вернули	kna_pears_vdm_3.TextGrid
9	4.970836550088208	MED	INDEP	ANIM	MED	hanuw	boy	116.53333492804643	116.99212025846043	Haя ti χɨnimešis hanuw xibnowɨs xib χɨˤr hɨwɨraj.	тогда тем мальчикам троим три груши дал он	DIST_NP	ti χɨnɨχ	boy	111.07078587072023	111.56249837795822	Süt hawɨr ti χɨnɨχ qurha qɨɨr,	свиснув мальчика развернули	kna_pears_vdm_3.TextGrid
12	0.25463683410538707	MED	INDEP	ANIM	MED	hanuw	man2	31.929517177598978	32.232447204379525	Bejda xuʔ jirq'ɨr maddɨ edemi, hanuw ǯibra q'ičʷilkara χaj c'iʔ.	рядом проходит другой человек он за собой тащит козу	NP	maddɨ edemi	man2	30.78365142412474	31.67488034349359	Bejda xuʔ jirq'ɨr maddɨ edemi, hanuw ǯibra q'ičʷilkara χaj c'iʔ.	рядом проходит другой человек он за собой тащит козу	kna_pears_hdz_7.TextGrid
5	3.827837553166134	MED	ADNOM	ANIM	MED_NP	Ha edemi	man2	36.06028475754566	36.53443610381086	Ha edemi haˤrχɨˤr haя tiʔ.	этот человек прошел оттуда	MED	hanuw	man2	31.929517177598978	32.232447204379525	Bejda xuʔ jirq'ɨr maddɨ edemi, hanuw ǯibra q'ičʷilkara χaj c'iʔ.	рядом проходит другой человек он за собой тащит козу	kna_pears_hdz_7.TextGrid
9	0.5312251194267574	SELF	INDEP	ANIM	SELF	jüǯ	boy	48.81788343925196	49.015446500195786	Xele hagur [...] edemies jüǯ haǯargʷad,	потом увидев что человек не видит его	ZERO	hagur	boy	48.203242805204475	48.2866583198252	Xele hagur [...] edemies jüǯ haǯargʷad,	потом увидев что человек не видит его	kna_pears_hdz_7.TextGrid
12	0.7639105023161576	PROX	INDEP	ANIM	PROX	minowɨs	boy	56.88962857145403	57.315486725044074	Jiina rɨˤq'aˤ, minowɨs rɨˤq'a gɨˤrχɨˤr sa rɨš welisipeda hana riid.	уезжая по дороге ему встречается олна девушка на велосипеде	ZERO	Jiina	boy	56.06864429597632	56.125718069137875	Jiina rɨˤq'aˤ, minowɨs rɨˤq'a gɨˤrχɨˤr sa rɨš welisipeda hana riid.	уезжая по дороге ему встречается олна девушка на велосипеде	kna_pears_hdz_7.TextGrid
5	1.9668500289519457	DIST	INDEP	ANIM	DIST	Tinowɨχda	girl	60.563670528515	61.08611506745536	Tinowɨχda gʲaɢara, minowdaa...	засмотревшись на нее, у него (с рук)	NP	sa rɨš	girl	58.26754873132333	58.59682049956305	Jiina rɨˤq'aˤ, minowɨs rɨˤq'a gɨˤrχɨˤr sa rɨš welisipeda hana riid.	уезжая по дороге ему встречается олна девушка на велосипеде	kna_pears_hdz_7.TextGrid
4	1.0756211095831034	PROX	INDEP	ANIM	PROX	minowdaa	boy	63.11470003499867	63.77324357147811	Tinowɨχda gʲaɢara, minowdaa...	засмотревшись на нее, у него (с рук)	ZERO	gʲaɢara	boy	61.85907702544452	62.039078925415566	Tinowɨχda gʲaɢara, minowdaa...	засмотревшись на нее, у него (с рук)	kna_pears_hdz_7.TextGrid
21	11.455456440798507	PROX	INDEP	ANIM	PROX	minowɨs	boy	75.22870001227662	75.6282164244075	Jahmiš q'ɨɨr minowɨs kumag hɨɨr,	собрав помогли ему	PROX	minowdaa	boy	63.11470003499867	63.77324357147811	Tinowɨχda gʲaɢara, minowdaa...	засмотревшись на нее, у него (с рук)	kna_pears_hdz_7.TextGrid
13	1.5497724558483128	SELF	INDEP	ANIM	SELF	jüǯ	boy	83.6512323091141	84.08587104319054	haˤrχɨˤr χɨnɨχ, χɨnimer tiʔna haˤtχɨˤr, jüǯ [R dalьše] haˤrχɨˤr.	пошел мальчик мальчики туда ушли сам тоже дальше пошел	NP	χɨnɨχ	boy	81.64925995821658	82.1014598532658	haˤrχɨˤr χɨnɨχ, χɨnimer tiʔna haˤtχɨˤr, jüǯ [R dalьše] haˤrχɨˤr.	пошел мальчик мальчики туда ушли сам тоже дальше пошел	kna_pears_hdz_7.TextGrid
5	5.8378538125028	PROX	INDEP	ANIM	PROX	minuw	boy	89.92372485569334	90.5778781019296	Xele... minuw χɨnimešis sakar hɨwɨr diš, ti χɨnimer tiika dɨxɨr hargʷara, šlʲapa sejirani jiʔi.	потом... он мальчикам ничего не дал те мальчики туда пойдя  видят что шляпа валяется	SELF	jüǯ	boy	83.6512323091141	84.08587104319054	haˤrχɨˤr χɨnɨχ, χɨnimer tiʔna haˤtχɨˤr, jüǯ [R dalьše] haˤrχɨˤr.	пошел мальчик мальчики туда ушли сам тоже дальше пошел	kna_pears_hdz_7.TextGrid
18	1.4136734583092192	DIST	ADNOM	ANIM	DIST_NP	ti χɨnimer	boys	92.88231468274701	93.41793009241695	Xele... minuw χɨnimešis sakar hɨwɨr diš, ti χɨnimer tiika dɨxɨr hargʷara, šlʲapa sejirani jiʔi.	потом... он мальчикам ничего не дал те мальчики туда пойдя  видят что шляпа валяется	NP	χɨnimešis	boys	90.94619668549743	91.46864122443779	Xele... minuw χɨnimešis sakar hɨwɨr diš, ti χɨnimer tiika dɨxɨr hargʷara, šlʲapa sejirani jiʔi.	потом... он мальчикам ничего не дал те мальчики туда пойдя  видят что шляпа валяется	kna_pears_hdz_7.TextGrid
16	7.929045828277992	PROX	INDEP	ANIM	PROX	minowda	boy	98.50692393020759	99.00741701793197	Haя leq'ešur šlʲapa minowda q'ɨwɨjne, hanuw hɨwɨr xib χɨˤr, xibdɨ χɨnχɨs xib χɨˤr hɨwɨr.	потом после того как вернули шляпу ему он дает троим три груши мальчикам  три груши дает	PROX	minuw	boy	89.92372485569334	90.5778781019296	Xele... minuw χɨnimešis sakar hɨwɨr diš, ti χɨnimer tiika dɨxɨr hargʷara, šlʲapa sejirani jiʔi.	потом... он мальчикам ничего не дал те мальчики туда пойдя  видят что шляпа валяется	kna_pears_hdz_7.TextGrid
16	0.46067985830863734	MED	INDEP	ANIM	MED	hanuw	boy	99.46809687624061	99.88078415910105	Haя leq'ešur šlʲapa minowda q'ɨwɨjne, hanuw hɨwɨr xib χɨˤr, xibdɨ χɨnχɨs xib χɨˤr hɨwɨr.	потом после того как вернули шляпу ему он дает троим три груши мальчикам  три груши дает	PROX	minowda	boy	98.50692393020759	99.00741701793197	Haя leq'ešur šlʲapa minowda q'ɨwɨjne, hanuw hɨwɨr xib χɨˤr, xibdɨ χɨnχɨs xib χɨˤr hɨwɨr.	потом после того как вернули шляпу ему он дает троим три груши мальчикам  три груши дает	kna_pears_hdz_7.TextGrid
16	4.605219543438849	PROX	INDEP	ANIM	PROX	mid	boy	107.00703784936846	107.6058615417243	[R a] mid ǯudɨ müq'ʷaˤ q'aˤrχɨˤr.	а он в свое село пошел (поехал).	ZERO	hɨwɨr	boy	102.31401250106568	102.40181830592961	Haя leq'ešur šlʲapa minowda q'ɨwɨjne, hanuw hɨwɨr xib χɨˤr, xibdɨ χɨnχɨs xib χɨˤr hɨwɨr.	потом после того как вернули шляпу ему он дает троим три груши мальчикам  три груши дает	kna_pears_hdz_7.TextGrid
7	0.10902058403263482	SELF	INDEP	ANIM	SELF	ǯudɨ	boy	107.71488212575693	108.01781215253747	[R a] mid ǯudɨ müq'ʷaˤ q'aˤrχɨˤr.	а он в свое село пошел (поехал).	PROX	mid	boy	107.00703784936846	107.6058615417243	[R a] mid ǯudɨ müq'ʷaˤ q'aˤrχɨˤr.	а он в свое село пошел (поехал).	kna_pears_hdz_7.TextGrid
102	61.34366877438579	DIST	ADNOM	ANIM	DIST_NP	ti edemi	man	110.16155221363775	110.69716762330769	[R A] ti edemi ula saʔ seq'eč'ur gʲaq'ɨd, karzina mabdiš.	а тот человек спускаясь с дерева вниз видит что карзины нет	NP	edemies	man	48.2866583198252	48.81788343925196	Xele hagur [...] edemies jüǯ haǯargʷad,	потом увидев что человек не видит его	kna_pears_hdz_7.TextGrid
4	2.452097667398249	MED	INDEP	ANIM	MED	hanowɨs	man	114.6833562424559	115.00823772045243	Haga hanowɨs howgur, [R čto] karzina mabdišdɨ.	тогда он увидел что карзины нет уже	ZERO	gʲaq'ɨd	man	112.16101393116651	112.23125857505765	[R A] ti edemi ula saʔ seq'eč'ur gʲaq'ɨd, karzina mabdiš.	а тот человек спускаясь с дерева вниз видит что карзины нет	kna_pears_hdz_7.TextGrid
23	12.390287645372354	MED	INDEP	ANIM	MED	hanowɨs	man	127.39852536582478	127.89023787306277	[R i on] hanowɨs fikɨr wišir [R čto] habiše χɨnimeše kʲahɨɨdeka.	и он ему голову пришло чтот что они мальчики сорвали	MED	hanowɨs	man	114.6833562424559	115.00823772045243	Haga hanowɨs howgur, [R čto] karzina mabdišdɨ.	тогда он увидел что карзины нет уже	kna_pears_hdz_7.TextGrid
9	3.4060988146327276	MED	INDEP	ANIM	MED	habiše	boys	129.45536147374213	129.9734157224393	[R i on] hanowɨs fikɨr wišir [R čto] habiše χɨnimeše kʲahɨɨdeka.	и он ему голову пришло чтот что они мальчики сорвали	ZERO	ilera	boys	125.91316366157031	126.0492626591094	Haя bejda xuʔ χɨnimer diij χɨˤrbɨr [χana...] ilera.	тогда рядом проходили мальчики кушая груши	kna_pears_hdz_7.TextGrid
11	6.005669669477086	MED	ADNOM	INANIM	MED_NP	ha t'aka	basket	47.97430251520986	48.474795602934236	ha t'aka Jaʁmiš qaara χɨˤrbɨr Jaʁmiš qɨɨr mi χɨnɨχ welisepedakʷan uˤtmiš q'ɨɨr	в эту корзину собрали , собрав этого мальчика сажают на велосипед и отправляют	NP	takadɨ	basket	41.48726870927841	41.96863284573277	takadɨ χɨˤrbɨr saʔ saʁuˤra	из корзины все груши падают	kna_pears_nzl_1.TextGrid
25	11.688335732777425	PROX	ADNOM	ANIM	PROX_NP	mi χɨnɨχ	boy	50.481097313521246	50.830125387855354	ha t'aka Jaʁmiš qaara χɨˤrbɨr Jaʁmiš qɨɨr mi χɨnɨχ welisepedakʷan uˤtmiš q'ɨɨr	в эту корзину собрали , собрав этого мальчика сажают на велосипед и отправляют	ZERO	q'uʁura	boy	38.71373635636628	38.79276158074382	q'uʁura tiʔ ka hɨxɨd ǯigɨj weliseped luwkur	уезжая чуть отъехав велосипед упал	kna_pears_nzl_1.TextGrid
17	0.00873305011442227	PROX	ADNOM	ANIM	PROX_NP	mi xibdɨ χɨnχɨda	boys	53.68074464720705	55.8223852897419	quʔ ka qɨtχ1ɨjne mi χɨnχɨd mi xibdɨ χɨnχɨda mid weliseped luwkud χɨnχɨd šilʲapa ejirgara	чуть вперед пройдя эти мальчики эти трое мальчиков этого с велосипеда упавшего мальчика шляпу находят	ZERO	qɨtχ1ɨjne	boys	53.60077502449028	53.67201159709263	quʔ ka qɨtχ1ɨjne mi χɨnχɨd mi xibdɨ χɨnχɨda mid weliseped luwkud χɨnχɨd šilʲapa ejirgara	чуть вперед пройдя эти мальчики эти трое мальчиков этого с велосипеда упавшего мальчика шляпу находят	kna_pears_nzl_1.TextGrid
13	5.007473591212552	PROX	ADNOM	ANIM	PROX_COMPLEX_NP	mid weliseped luwkud χɨnχɨd	boy	55.837598979067906	59.120294697177265	quʔ ka qɨtχ1ɨjne mi χɨnχɨd mi xibdɨ χɨnχɨda mid weliseped luwkud χɨnχɨd šilʲapa ejirgara	чуть вперед пройдя эти мальчики эти трое мальчиков этого с велосипеда упавшего мальчика шляпу находят	PROX_NP	mi χɨnɨχ	boy	50.481097313521246	50.830125387855354	ha t'aka Jaʁmiš qaara χɨˤrbɨr Jaʁmiš qɨɨr mi χɨnɨχ welisepedakʷan uˤtmiš q'ɨɨr	в эту корзину собрали , собрав этого мальчика сажают на велосипед и отправляют	kna_pears_nzl_1.TextGrid
17	0.05268348291835423	DIST	ADNOM	ANIM	DIST_NP	ti χɨnχɨra	boy	66.95677853829511	67.47483278699227	šlapa χana tineʔ quˤʁuˤra χɨnχɨd huq'li qɨwɨjne ti χɨnχɨra xib χɨˤr eʁip'ir xibdɨ χɨnχɨs mij wɨlc'ara	щляпу отдавая туда возвращается одев на голову тот мальчик дает троим по груще тут	ZERO	qɨwɨjne	boy	66.8448261370936	66.90409505537676	šlapa χana tineʔ quˤʁuˤra χɨnχɨd huq'li qɨwɨjne ti χɨnχɨra xib χɨˤr eʁip'ir xibdɨ χɨnχɨs mij wɨlc'ara	щляпу отдавая туда возвращается одев на голову тот мальчик дает троим по груще тут	kna_pears_nzl_1.TextGrid
5	1.7554999925255714	PROX	INDEP	ANIM	PROX	mibɨr	boys	70.84865939682757	71.26793211505282	xele mibɨr suruda tiʔ uˤtmiš duruud waχtinde tiʔ	потом они в момент когда рядом проходят туда	NP	xibdɨ χɨnχɨs	boys	68.4916896409841	69.093159404302	šlapa χana tineʔ quˤʁuˤra χɨnχɨd huq'li qɨwɨjne ti χɨnχɨra xib χɨˤr eʁip'ir xibdɨ χɨnχɨs mij wɨlc'ara	щляпу отдавая туда возвращается одев на голову тот мальчик дает троим по груще тут	kna_pears_nzl_1.TextGrid
28	11.077994291718014	DIST	ADNOM	ANIM	DIST_NP	ti χɨnimešdɨ	boys	82.34592640677083	82.87652381133826	miʔ tiʔ laʁara ti χɨnimešdɨ χɨle xa sɨnowdɨ χɨle šar wulqa waaraniwii	туда сюда смотрит на руки тех мальчиков у одного из них в руках шар был ,игрался	PROX	mibɨr	boys	70.84865939682757	71.26793211505282	xele mibɨr suruda tiʔ uˤtmiš duruud waχtinde tiʔ	потом они в момент когда рядом проходят туда	kna_pears_nzl_1.TextGrid
16	5.800976680621119	PROX	ADNOM	ANIM	PROX_NP	mi edemi	man	88.14690308739195	88.52227290318523	mi edemi misa laaɢara midя... t'ak suguranijii χɨˤrbɨr ad t'ak hilʲatχɨˤrijden xur	этот мужчина вот так смотрит корзина потерялась с грушами корзина куда делась думает	ZERO	laʁara	man	82.30421864946047	82.34592640677083	miʔ tiʔ laʁara ti χɨnimešdɨ χɨle xa sɨnowdɨ χɨle šar wulqa waaraniwii	туда сюда смотрит на руки тех мальчиков у одного из них в руках шар был ,игрался	kna_pears_nzl_1.TextGrid
19	6.9442247135753234	PROX	INDEP	ANIM	PROX	mibɨr	boys	93.70420090117095	94.0071309279515	xele mibɨr xuʔ duruura	потом они вперед идут	NP	xibnowdɨ χɨle xa	boys	85.9697239438203	86.75997618759563	xibnowdɨ χɨle xa xib χɨˤr χaniwii	у троих три груши есть	kna_pears_nzl_1.TextGrid
5	2.3113270588838333	PROX	ADNOM	ANIM	PROX_NP	mid edemiera	man	95.13659863945578	95.70971839151484	mid edemiera fartuk geqlit'ir ula saʔ eqeč'ur maˤʁɨˤjila	это мужчина фартук сняв сверху вниз спустившись с лестницы	ZERO	xur	man	92.77109968823268	92.82527158057195	mi edemi misa laaɢara midя... t'ak suguranijii χɨˤrbɨr ad t'ak hilʲatχɨˤrijden xur	этот мужчина вот так смотрит корзина потерялась с грушами корзина куда делась думает	kna_pears_nzl_1.TextGrid
2	1.520108564317212	SELF	INDEP	ANIM	SELF	ǯudɨ	man	99.05891242960698	99.4486105228273	ǯudɨ fartuka ad χɨˤrbɨr xa lešur t'aka aqaara	в своем фартуке котрые были груши тоже тавит в корзину	ZERO	eqeč'ur	man	97.5095438618708	97.53880386528976	mid edemiera fartuk geqlit'ir ula saʔ eqeč'ur maˤʁɨˤjila	это мужчина фартук сняв сверху вниз спустившись с лестницы	kna_pears_nzl_1.TextGrid
1	0.5839086023451063	PROX	INDEP	ANIM	PROX	minuw	man	16.194463415649285	16.5325157643754	minuw sa t'aǯije kʲaqlɨɨr qwaˤb t'aǯi owc'a hawɨr	он в одну корзинку собрав, две корзинки заполнил	PROX	kʲaɢlaarana	man	15.487626686494682	15.610554813304178	χɨˤrbɨr kʲaɢlaarana	груши срывая	kna_pears_rhn_12.TextGrid
8	2.296121797191656	MED	INDEP	ANIM	MED	had	man2	30.084789255650687	30.37893870194484	bejda tiʔ haˤrχɨr had	мимо прошел он	ONE_NP	sa edemi	man2	27.310125821950635	27.78866745845903	tinʲa miʔ sa edemi ruʔura c'ih χana	Оттуда сюда один человек идет козу ведя	kna_pears_rhn_12.TextGrid
2	0.4170775731036471	PROX	ADNOM	ANIM	PROX_NP	mi χɨnχɨra	boy	34.10721930270245	34.607712390426826	mi χɨnχɨra sa t'aǯi lewšur	этот мальчик одну корзину взял	ONE_NP	sa χɨnɨχ	boy	33.17208748090164	33.6901417295988	i ruʔura welisipedakan tinʲa miʔ sa χɨnɨχ	и едет на велоспиеде оттуда сюда один мальчик	kna_pears_rhn_12.TextGrid
11	5.606070881131174	PROX	INDEP	ANIM	PROX	mid	boy	45.03425983906537	45.20987144879322	mid (?) gʲaɢara ti rɨšeχda uula	он посмотрел на эту девочку сверху	ZERO	qiina	boy	39.349163733556665	39.428188957934196	dagul hawɨr qiina raˤqaˤ	украв обратно поехав на дороге	kna_pears_rhn_12.TextGrid
6	2.8668595288071756	DIST	ADNOM	ANIM	DIST_NP	ti rɨšeχda	girl	46.166954721810015	46.87818174120782	mid (?) gʲaɢara ti rɨšeχda uula	он посмотрел на эту девочку сверху	NP	rɨš	girl	43.06301951987024	43.30009519300284	ɢaršije ru... rurura rɨš welisipeda ʁana	навстречу едет девочка на велосипеде	kna_pears_rhn_12.TextGrid
23	9.87160973974045	PROX	INDEP	ANIM	PROX	mid	boy	55.08148118853367	55.292215120207096	dahras welisipedad tup xura jɨˤwχɨˤr mid lurkara	на камень велосипедное колесо наехало, он падает	PROX	mid	boy	45.03425983906537	45.20987144879322	mid (?) gʲaɢara ti rɨšeχda uula	он посмотрел на эту девочку сверху	kna_pears_rhn_12.TextGrid
8	3.293523576607541	PROX	INDEP	ANIM	PROX	minuwɨs	boy	60.53565304940834	60.94834033226879	xibdɨ χɨnχɨra minuwɨs kumag haʔara χɨˤrbɨr jaʁmiš qɨʔɨr	трое мальчиков ему помогли, груши собрали	ZERO	lukur	boy	57.08846931428893	57.2421294728008	lukur	упав	kna_pears_rhn_12.TextGrid
6	0.35122321945570434	SELF	INDEP	ANIM	SELF	ǯudɨ	boys	65.77903183357276	66.09074244083969	quˤʁuˤra ǯudɨ raˤqna χɨnimer miʔna	пошли своей дорогой дети сюда	ZERO	quˤʁuˤra	boys	65.34878338973952	65.42780861411705	quˤʁuˤra ǯudɨ raˤqna χɨnimer miʔna	пошли своей дорогой дети сюда	kna_pears_rhn_12.TextGrid
12	0.09201930669847513	PROX	ADNOM	ANIM	PROX_NP	mi xibdɨ χɨnχɨs	boys	70.42592854400128	71.21179049753341	i rɨˤqa diʔina mi xibdɨ χɨnχɨs ʁargʷara hanowdɨ huqli ʁad q'ak	и на дороге идя эти три мальчика увидели на его голове шляпу	ZERO	diʔina	boys	70.30317720560043	70.3339092373028	i rɨˤqa diʔina mi xibdɨ χɨnχɨs ʁargʷara hanowdɨ huqli ʁad q'ak	и на дороге идя эти три мальчика увидели на его голове шляпу	kna_pears_rhn_12.TextGrid
21	10.682424963813283	MED	INDEP	ANIM	MED	hanowdɨ	boy	71.63076529608207	72.01272054724015	i rɨˤqa diʔina mi xibdɨ χɨnχɨs ʁargʷara hanowdɨ huqli ʁad q'ak	и на дороге идя эти три мальчика увидели на его голове шляпу	PROX	minuwɨs	boy	60.53565304940834	60.94834033226879	xibdɨ χɨnχɨra minuwɨs kumag haʔara χɨˤrbɨr jaʁmiš qɨʔɨr	трое мальчиков ему помогли, груши собрали	kna_pears_rhn_12.TextGrid
9	3.266298998785203	PROX	ADNOM	ANIM	PROX_NP	mi χɨnχɨda	boy	75.27901954602535	76.19659020685337	q'ak lešur süt hawɨr qɨwɨlc'ara mi χɨnχɨda	шапку взяв свистнув отдают этому мальчику	MED	hanowdɨ	boy	71.63076529608207	72.01272054724015	i rɨˤqa diʔina mi xibdɨ χɨnχɨs ʁargʷara hanowdɨ huqli ʁad q'ak	и на дороге идя эти три мальчика увидели на его голове шляпу	kna_pears_rhn_12.TextGrid
2	0.5505474186548867	PROX	ADNOM	ANIM	PROX_NP	mi χɨnχɨra	boy	76.74713762550826	77.24324042298944	mi χɨnχɨra mibišis wɨlc'ara haˤrnowus sasa χ1ɨr	этот мальчик им дает каждому по одной груше	PROX_NP	mi χɨnχɨda	boy	75.27901954602535	76.19659020685337	q'ak lešur süt hawɨr qɨwɨlc'ara mi χɨnχɨda	шапку взяв свистнув отдают этому мальчику	kna_pears_rhn_12.TextGrid
5	2.1336810581933747	PROX	INDEP	ANIM	PROX	mibišis	boys	77.32665593761017	77.69983060828184	mi χɨnχɨra mibišis wɨlc'ara haˤrnowus sasa χ1ɨr	этот мальчик им дает каждому по одной груше	ZERO	qɨwɨlc'ara	boys	75.09199820382328	75.1929748794168	q'ak lešur süt hawɨr qɨwɨlc'ara mi χɨnχɨda	шапку взяв свистнув отдают этому мальчику	kna_pears_rhn_12.TextGrid
7	3.3443246567116205	SELF	INDEP	ANIM	SELF	ǯudɨ	boys	81.04415526499346	81.32952413080122	i duruʔurad ǯudɨ raˤqna	и пошли своей дорогой	PROX	mibišis	boys	77.32665593761017	77.69983060828184	mi χɨnχɨra mibišis wɨlc'ara haˤrnowus sasa χ1ɨr	этот мальчик им дает каждому по одной груше	kna_pears_rhn_12.TextGrid
118	56.079309472156794	DIST	ADNOM	ANIM	DIST_COMPLEX_NP	ti χɨˤr kʲaqlawad edemijed	man	82.53601699370878	83.94530016177478	ti χɨˤr kʲaqlawad edemijed bejda xuʔ	прямо мимо этого человека собирающего груши	ZERO	haara	man	26.28987649231053	26.456707521551987	aa t'aǯie q'aˤraˤ haara	внизу в корзинку выгружал	kna_pears_rhn_12.TextGrid
6	1.1002297980626423	DIST	ADNOM	ANIM	DIST_NP	ti edemi	man	85.04552995983742	85.4318755012387	ti edemi uula saʔ eqeč'ur gʲaɢɨd	этот человек сверху вних спустившись посмотрев	DIST_COMPLEX_NP	ti χɨˤr kʲaqlawad edemijed	man	82.53601699370878	83.94530016177478	ti χɨˤr kʲaqlawad edemijed bejda xuʔ	прямо мимо этого человека собирающего груши	kna_pears_rhn_12.TextGrid
23	9.713319736352787	PROX	ADNOM	ANIM	PROX_NP	mi χɨnimešdɨ	boys	91.042843867154	91.61358159876951	mi χɨnimešdɨ ǯibra gʲaːɢɨr argara šuw haʔasijden ǯac'ɨr	этим детям вслед доолго глядя остается не зная что делать	SELF	ǯudɨ	boys	81.04415526499346	81.32952413080122	i duruʔurad ǯudɨ raˤqna	и пошли своей дорогой	kna_pears_rhn_12.TextGrid
10	5.37824926539794	PROX	INDEP	ANIM	PROX	min	man	39.15693001709381	39.345712497551254	Χɨˤrbɨr kʲaq'laad momenta min... xib minowdɨ ruura χ1ibɨd t'ak.	за то время как он начал срывать груши у него напонилось три корзины	NP	q'aˤsdɨ ... bobodide	man	32.26842090803635	33.77868075169587	q'aˤsdɨ ... bobodide kʲaq'laara ula χukara χɨˤrbɨr.	старый дед срывает с дерева груши	kna_pears_shk_10.TextGrid
11	0.2502465438621897	PROX	INDEP	ANIM	PROX	minowdɨ	man	39.595959041413444	39.95157255111234	Χɨˤrbɨr kʲaq'laad momenta min... xib minowdɨ ruura χ1ibɨd t'ak.	за то время как он начал срывать груши у него напонилось три корзины	PROX	min	man	39.15693001709381	39.345712497551254	Χɨˤrbɨr kʲaq'laad momenta min... xib minowdɨ ruura χ1ibɨd t'ak.	за то время как он начал срывать груши у него напонилось три корзины	kna_pears_shk_10.TextGrid
10	3.9082093253893646	DIST	ADNOM	INANIM	DIST_NP	ti χɨˤrbɨr	pears	42.117262154425134	42.635316403122296	T'akbɨr ti χɨˤrbɨr ilxed korzina kaldɨ wii,	корзина, обычная корзина в которую груши собирают	NP	Χɨˤrbɨr	pears	37.827097577877694	38.20905282903577	Χɨˤrbɨr kʲaq'laad momenta min... xib minowdɨ ruura χ1ibɨd t'ak.	за то время как он начал срывать груши у него напонилось три корзины	kna_pears_shk_10.TextGrid
7	3.4626653124524154	MED	ADNOM	INANIM	MED_NP	ha t'akɨlma	basket	45.4919807685187	45.939790373324726	ha t'akɨlma ara Jahmiš minowa haara χɨˤrbɨr.	в эти корзины он собирает груша	NP	T'akbɨr	basket	41.62979904393542	42.029315456066286	T'akbɨr ti χɨˤrbɨr ilxed korzina kaldɨ wii,	корзина, обычная корзина в которую груши собирают	kna_pears_shk_10.TextGrid
15	6.7861178505395685	PROX	INDEP	ANIM	PROX	minowa	man	46.73769040165191	46.95281462356853	ha t'akɨlma ara Jahmiš minowa haara χɨˤrbɨr.	в эти корзины он собирает груша	PROX	minowdɨ	man	39.595959041413444	39.95157255111234	Χɨˤrbɨr kʲaq'laad momenta min... xib minowdɨ ruura χ1ibɨd t'ak.	за то время как он начал срывать груши у него напонилось три корзины	kna_pears_shk_10.TextGrid
11	0.8912289193688423	SELF	INDEP	ANIM	SELF	ǯudɨ	man	49.29213203172997	49.65652612191526	Lä leč'ur xura tiь ginijii ǯudɨ fart'uk',	когда поднимается при нем есть фартуг	ZERO	leč'ur	man	48.27358469530843	48.40090311236113	Lä leč'ur xura tiь ginijii ǯudɨ fart'uk',	когда поднимается при нем есть фартуг	kna_pears_shk_10.TextGrid
17	0.8209842754777128	PROX	INDEP	ANIM	PROX	minowɨs	boy	76.1129956453212	76.48178002574969	χɨnɨχ jirq'ɨr welisopedakan minowɨs hɨgara hišir sifta sa eč lewšus, sa χɨˤr lewšus xur.	подъехав на велосипеде мальчик захотел взять сперва одно яблоко, одну грушу	NP	χɨnɨχ	boy	74.84859205528068	75.2920113698435	χɨnɨχ jirq'ɨr welisopedakan minowɨs hɨgara hišir sifta sa eč lewšus, sa χɨˤr lewšus xur.	подъехав на велосипеде мальчик захотел взять сперва одно яблоко, одну грушу	kna_pears_shk_10.TextGrid
32	15.02202338377353	DIST	INDEP	ANIM	DIST	tin	man	81.49818540380882	81.82745717204854	Ǯibra fikɨr hawɨr tin läna hukur hagujne,	потом подумав, увидев что тот  смотрит на вверх	ZERO	leq'eč'ud	man	66.38835621517136	66.47616202003529	Lä leq'eč'ud,	наверх поднявшись	kna_pears_shk_10.TextGrid
27	11.139872213829037	PROX	INDEP	ANIM	PROX	Minow	boy	87.62165223957872	87.97287545903443	Minow lebšur t'ak jiǯ lešur,	он берет саму корзинувзяв ее	PROX	minowɨs	boy	76.1129956453212	76.48178002574969	χɨnɨχ jirq'ɨr welisopedakan minowɨs hɨgara hišir sifta sa eč lewšus, sa χɨˤr lewšus xur.	подъехав на велосипеде мальчик захотел взять сперва одно яблоко, одну грушу	kna_pears_shk_10.TextGrid
6	0.07024464389114371	SELF	INDEP	INANIM	SELF	jiǯ	basket	88.56698102381476	88.74259263354261	Minow lebšur t'ak jiǯ lešur,	он берет саму корзинувзяв ее	NP	t'ak	basket	88.32551506043897	88.49673637992362	Minow lebšur t'ak jiǯ lešur,	он берет саму корзинувзяв ее	kna_pears_shk_10.TextGrid
2	0.6497629559930544	PROX	INDEP	ANIM	PROX	mid	boy	98.88586793720297	99.07904070790362	q'uˤhuˤra mid tiь, ǯudɨ χalɨχdanabaj.	едет он обратно, в сторону своего дома	ZERO	lixir	boy	98.1526894665892	98.23610498120992	T'ak lešur, bagažnika uu lixir,	взяв корзину поставив ее на багажник	kna_pears_shk_10.TextGrid
7	1.0361084973943235	SELF	INDEP	ANIM	SELF	ǯudɨ	boy	100.11514920529794	100.32149284672816	q'uˤhuˤra mid tiь, ǯudɨ χalɨχdanabaj.	едет он обратно, в сторону своего дома	PROX	mid	boy	98.88586793720297	99.07904070790362	q'uˤhuˤra mid tiь, ǯudɨ χalɨχdanabaj.	едет он обратно, в сторону своего дома	kna_pears_shk_10.TextGrid
7	2.74195042110604	PROX	INDEP	ANIM	PROX	minuw	boy	103.0634432678342	103.44100822874908	Dagul hɨɨra man [R faktičeski] minuw lešurne mid.	украл он получается фактически	SELF	ǯudɨ	boy	100.11514920529794	100.32149284672816	q'uˤhuˤra mid tiь, ǯudɨ χalɨχdanabaj.	едет он обратно, в сторону своего дома	kna_pears_shk_10.TextGrid
13	5.525684568342527	PROX	INDEP	INANIM	PROX	mid	basket	103.82296347990716	104.01174596036459	Dagul hɨɨra man [R faktičeski] minuw lešurne mid.	украл он получается фактически	ZERO	Ø	basket	98.23610498120992	98.29727891156463	T'ak lešur, bagažnika uu lixir,	взяв корзину поставив ее на багажник	kna_pears_shk_10.TextGrid
4	1.4996391757763945	PROX	INDEP	ANIM	PROX	minow	boy	104.94064740452548	105.22162598009004	Χɨˤrbɨr minow dagul hɨɨra.	груши он украл	PROX	minuw	boy	103.0634432678342	103.44100822874908	Dagul hɨɨra man [R faktičeski] minuw lešurne mid.	украл он получается фактически	kna_pears_shk_10.TextGrid
39	19.27961584122191	DIST	ADNOM	ANIM	DIST_NP	Tin bobodidɨs	man	106.06498721125608	106.61816378189882	Tin bobodidɨs χabar adiš.	там дед даже не знает об этом	NP	q'aˤsdɨ bobodid	man	86.03902202869081	86.78537137003417	[tu...] u χɨˤr kʲaq'lawa tinbaj hukura edemi, q'aˤsdɨ bobodid.	наверху срывая груши тот человек отвлекся, старый дед	kna_pears_shk_10.TextGrid
21	10.385307665003438	SELF	INDEP	ANIM	SELF	ǯudɨ	boy	115.60693364509348	115.95815686454918	rɨšed welisopedakan ǯudɨ uu hanijii q'ɨxdɨ q'ak ǯuu,	когда на велосипеде проезжал мимо девушки на нем была большая шапка	PROX	minow	boy	104.94064740452548	105.22162598009004	Χɨˤrbɨr minow dagul hɨɨra.	груши он украл	kna_pears_shk_10.TextGrid
1	1.1502560437174338	MED	ADNOM	INANIM	MED_NP	Ha dahras	stone	124.38879346889064	124.8980671371014	Ha dahras welisoped xura jɨˤwχɨˤr, welisoped xa luwurkara jüǯ xa lukur,	ударившись в этот камень велосипед падает и он тоже вместе с ним	NP	dahar	stone	122.83024043255595	123.2385374251732	xura rɨˤq'aˤ aa wuruura dahar.	на дороге оказывается камень	kna_pears_shk_10.TextGrid
15	6.200932734777481	SELF	INDEP	ANIM	SELF	jüǯ xa	boy	127.01857732456521	127.29077531964339	Ha dahras welisoped xura jɨˤwχɨˤr, welisoped xa luwurkara jüǯ xa lukur,	ударившись в этот камень велосипед падает и он тоже вместе с ним	ZERO	gʲahɨd	boy	120.75179023613978	120.81764458978773	Q'akɨlɨχda qü gʲahɨd momenta,	как на шапку посмотрел в это момент	kna_pears_shk_10.TextGrid
3	0.689275568181813	PROX	ADNOM	ANIM	PROX_NP	mi χɨnimer	boys	144.25684909619574	144.85392856927044	mi χɨnimer hɨχdɨ χɨnimer dišir,	эти мальчики оказались хорошии мальчишками	NP	maddɨ xibɨr χɨnɨχ	boys	142.24609616481183	143.56757352801392	Had momenta... ha waχtinde tinʲa miь duruura maddɨ xibɨr χɨnɨχ,	в этот момент настречу ему по дороге идут трое мальчиков	kna_pears_shk_10.TextGrid
1	0.4829319267515757	PROX	ADNOM	ANIM	PROX_NP	mi χɨnimeše	boys	148.4934820048677	149.04226828526726	mi χɨnimeše wɨlc'ara minowus kumag.	эти мальчики помогают ему	ZERO	ǯɨgad	boys	147.87884137082023	148.01055007811613	daguldɨ gunaχdɨ abɨr ǯɨgad,	краденное грешное которые не хотят	kna_pears_shk_10.TextGrid
23	11.157291456343756	PROX	INDEP	ANIM	PROX	minowus	boy	149.56471282420762	149.97740010706806	mi χɨnimeše wɨlc'ara minowus kumag.	эти мальчики помогают ему	ZERO	waaraj	boy	138.29327382154077	138.40742136786386	hili sa pet'ana t'ɨrq' waaraj.	чуть чуть хромал он	kna_pears_shk_10.TextGrid
11	0.37699856294759115	MED	ADNOM	INANIM	MED_NP	ad χɨˤbɨr xa	pears	152.1547022807036	152.7342205928055	Яhmiš q'aara, t'akala ara ad χɨˤbɨr xa,	собирают ему , ставят в корзину груши	ZERO	Яhmiš q'aara	pears	151.69867849337845	151.777703717756	Яhmiš q'aara, t'akala ara ad χɨˤbɨr xa,	собирают ему , ставят в корзину груши	kna_pears_shk_10.TextGrid
11	5.569441055206909	SELF	INDEP	ANIM	SELF	jüǯ	boy	155.54684116227497	155.72684306224602	jüǯ lä luquzur, welisoped xa lä luwza q'awɨɨr,	приподняв его самого  и его велосипед	PROX	minowus	boy	149.56471282420762	149.97740010706806	mi χɨnimeše wɨlc'ara minowus kumag.	эти мальчики помогают ему	kna_pears_shk_10.TextGrid
8	2.8155934528007833	PROX	INDEP	ANIM	PROX	mid	boy	158.5424365150468	158.8190248003682	mid siq'irgara tiʔ... tiʔ.	отпускают его туда	SELF	jüǯ	boy	155.54684116227497	155.72684306224602	jüǯ lä luquzur, welisoped xa lä luwza q'awɨɨr,	приподняв его самого  и его велосипед	kna_pears_shk_10.TextGrid
13	6.133804691700021	PROX	ADNOM	ANIM	PROX_NP	mi χɨnimešis	boys	165.60301795253363	166.29229352071545	Had waχtinde mi χɨnimešis tinʲa hargʷara minowdɨ q'ak.	в это время те мальчики замечают там его шапку	ZERO	siq'irgara	boys	159.39018803645607	159.4692132608336	mid siq'irgara tiʔ... tiʔ.	отпускают его туда	kna_pears_shk_10.TextGrid
18	8.192709922264214	PROX	INDEP	ANIM	PROX	minowdɨ	boy	167.0117347226324	167.37612881281768	Had waχtinde mi χɨnimešis tinʲa hargʷara minowdɨ q'ak.	в это время те мальчики замечают там его шапку	PROX	mid	boy	158.5424365150468	158.8190248003682	mid siq'irgara tiʔ... tiʔ.	отпускают его туда	kna_pears_shk_10.TextGrid
17	0.5882988925883126	PROX	ADNOM	INANIM	PROX_NP	mi q'ak xa	hat	169.90947000062442	170.45825628102395	Haa, q'ak xa hagʷɨr [...] mi q'ak xa [R značit] minowdɨ jii xur,	увидев шапку они поняли что это шапка его	NP	q'ak xa	hat	169.13677891782186	169.3211711080361	Haa, q'ak xa hagʷɨr [...] mi q'ak xa [R značit] minowdɨ jii xur,	увидев шапку они поняли что это шапка его	kna_pears_shk_10.TextGrid
12	3.3850574949868246	PROX	INDEP	ANIM	PROX	minowdɨ	boy	170.7611863078045	171.2397279443129	Haa, q'ak xa hagʷɨr [...] mi q'ak xa [R značit] minowdɨ jii xur,	увидев шапку они поняли что это шапка его	PROX	minowdɨ	boy	167.0117347226324	167.37612881281768	Had waχtinde mi χɨnimešis tinʲa hargʷara minowdɨ q'ak.	в это время те мальчики замечают там его шапку	kna_pears_shk_10.TextGrid
7	2.3461170077561633	PROX	ADNOM	ANIM	PROX_NP	mi χɨnɨχ	boy	173.58584495206907	174.0380448471183	q'urha q'aara mi χɨnɨχ.	зовут обтратно этого мальчика	PROX	minowdɨ	boy	170.7611863078045	171.2397279443129	Haa, q'ak xa hagʷɨr [...] mi q'ak xa [R značit] minowdɨ jii xur,	увидев шапку они поняли что это шапка его	kna_pears_shk_10.TextGrid
2	0.8022903185703854	DIST	INDEP	ANIM	DIST	Ti	boy	174.84033516568869	175.0774108388213	Ti welisopeda ʁad Jawaš haara.	останавливают того который на велосипеде был	PROX_NP	mi χɨnɨχ	boy	173.58584495206907	174.0380448471183	q'urha q'aara mi χɨnɨχ.	зовут обтратно этого мальчика	kna_pears_shk_10.TextGrid
5	1.014157046178326	PROX	INDEP	ANIM	PROX	Mibɨr	boys	180.38824788943433	180.6604458845125	Mibɨr dülьq'era q'idibɨr dii.	они играясь шли обратно до этого	NP	χɨnɨχ	boys	179.07555110671865	179.374090843256	Q'ak χana q'uˤhuˤra tinbaj q'ɨxtɨbaj χɨnɨχ sabaj χɨnɨχ χana qɨxɨr,	с шапкой идет к нему один из мальчиков , который повзрослее его	kna_pears_shk_10.TextGrid
2	1.7817505472754362	DIST	ADNOM	ANIM	DIST_COMPLEX_NP	ti dagul hɨɨdbaj, χɨˤrbɨr dagul hɨɨd χɨnɨχ	boy	185.5675190716941	188.02608160788404	ti dagul hɨɨdbaj, χɨˤrbɨr dagul hɨɨd χɨnɨχ jii šuw,	тот который груши украл мальчик	ZERO	q'ɨwɨr	boy	183.68918213906835	183.78576852441867	Q'ak q'ɨwɨlcara tine, q'ɨwɨr xelekande,	шапку возвращают , после возвращения	kna_pears_shk_10.TextGrid
9	1.2767262758130187	MED	INDEP	ANIM	MED	hanowa	boy	189.30280788369706	189.91744851774453	hanowa xelekande fikr waara:	он потом начинает думать	DIST_COMPLEX_NP	ti dagul hɨɨdbaj, χɨˤrbɨr dagul hɨɨd χɨnɨχ	boy	185.5675190716941	188.02608160788404	ti dagul hɨɨdbaj, χɨˤrbɨr dagul hɨɨd χɨnɨχ jii šuw,	тот который груши украл мальчик	kna_pears_shk_10.TextGrid
6	1.3680720940919855	SELF	INDEP	ANIM	SELF	Ǯu	boy	198.66305322366165	198.79476193095752	Ǯu dagul hɨɨbɨr jii,	сам украл их	ZERO	wɨlc'ara	boy	197.17644329300336	197.29498112956966	Haga dine wɨlc'ara xibdɨ χɨnχɨs xib χɨˤr xa.	тогда он дал всем троим по одной груше	kna_pears_shk_10.TextGrid
6	1.4356249095251883	PROX	INDEP	ANIM	PROX	mibɨr	boys	201.94897413045166	202.25190415723222	mibɨr q'udhüra tiь.	они все уходят туда	NP	xibdɨ χɨnχɨs	boys	199.85041539420382	200.51334922092647	xibdɨ χɨnχɨs xib χɨˤr xa hɨwɨr,	дав троим по груше	kna_pears_shk_10.TextGrid
5	1.3420142314936356	MED	INDEP	ANIM	MED	had	boys	203.59391838872585	203.88806783502	Tiь q'idid had bejda tiʔ q'ühura ti ... q'ɨxdɨ baba,	по пути  мимо них проходит тот взрослый дед	PROX	mibɨr	boys	201.94897413045166	202.25190415723222	mibɨr q'udhüra tiь.	они все уходят туда	kna_pears_shk_10.TextGrid
228	98.23137761638118	DIST	ADNOM	ANIM	DIST_NP	ti ... q'ɨxdɨ baba	man	204.84954139828	206.20175079318446	Tiь q'idid had bejda tiʔ q'ühura ti ... q'ɨxdɨ baba,	по пути  мимо них проходит тот взрослый дед	DIST_NP	Tin bobodidɨs	man	106.06498721125608	106.61816378189882	Tin bobodidɨs χabar adiš.	там дед даже не знает об этом	kna_pears_shk_10.TextGrid
7	2.5112460191082846	DIST	INDEP	ANIM	DIST	tinxa	man	209.64260837190344	209.90602578649523	Hajя tiʔ q'idid tinxa saʔ seq'eč'ur ula saʔ gʲaq'ɨr,	оттуда сюда идя тот тоже спустился сверху вниз смотря	NP	bobodide	man	206.61769839434118	207.13136235279515	bobodide χɨˤrbɨr kʲaq'laad ǯigɨj.	где дед груши собирал	kna_pears_shk_10.TextGrid
48	16.84512663063458	DIST	ADNOM	ANIM	DIST_NP	ti χɨnimer	boys	220.73319446565458	221.25563900459494	tinʲa miʔ χɨˤr wiilera, ti χɨnimer bejda tiʔ q'uˤdʁuˤra.	оттуда груши кушая, те мальчики мимо проходят	MED	had	boys	203.59391838872585	203.88806783502	Tiь q'idid had bejda tiʔ q'ühura ti ... q'ɨxdɨ baba,	по пути  мимо них проходит тот взрослый дед	kna_pears_shk_10.TextGrid
38	13.172860182443173	PROX	ADNOM	ANIM	PROX_NP	Mi bobodidɨs	man	223.0788859689384	224.07109156390078	Mi bobodidɨs hac'ar diš: [mib...] χɨnimeše dagul hɨɨdid χɨˤrbɨr,	этот дед не знает эти мальчики украли груши	DIST	tinxa	man	209.64260837190344	209.90602578649523	Hajя tiʔ q'idid tinxa saʔ seq'eč'ur ula saʔ gʲaq'ɨr,	оттуда сюда идя тот тоже спустился сверху вниз смотря	kna_pears_shk_10.TextGrid
17	6.1594391416970495	SELF	INDEP	ANIM	SELF	jüǯ	man	230.23053070559783	230.51150928116238	[R ili] jüǯ šakallɨ ruura ǯuda q'ʷaˤd χajma, sa χajma ula saʔ suq'ur,	он ща недопонимает что-то, или у него было два, или один был у него сверху смотрит	PROX_NP	Mi bobodidɨs	man	223.0788859689384	224.07109156390078	Mi bobodidɨs hac'ar diš: [mib...] χɨnimeše dagul hɨɨdid χɨˤrbɨr,	этот дед не знает эти мальчики украли груши	kna_pears_shk_10.TextGrid
16	6.428744773319394	MED	INDEP	ANIM	MED	hanuw	man	16.55931420410697	16.765657845537195	Wnimanie hɨwɨr diš hanuw šuw haʔarajden.	Не обратил внимание на то, что тот делал	ZERO	kʲaqlawara	man	10.02959275519406	10.130569430787574	Sa edemi χuka leč'ur, χukala χɨˤr kʲaqlawara.	Один человек на дерево залез, с дерева груши срывает.	kna_pears_saa_8.TextGrid
12	6.337227329334837	DIST	ADNOM	ANIM	DIST_NP	ti edemijes	man	23.102885174872032	23.62532971381239	A u gʲaɢɨr, ti edemijes jüǯ ʁaǯagujne.	Посмотрев вокруг увидев что тот не заметил его	MED	hanuw	man	16.55931420410697	16.765657845537195	Wnimanie hɨwɨr diš hanuw šuw haʔarajden.	Не обратил внимание на то, что тот делал	kna_pears_saa_8.TextGrid
10	0.6409823755066562	SELF	INDEP	ANIM	SELF	jüǯ	boy	23.693967750490938	23.84543276388121	A u gʲaɢɨr, ti edemijes jüǯ ʁaǯagujne.	Посмотрев вокруг увидев что тот не заметил его	ZERO	gʲaɢɨr	boy	23.00908247255232	23.05298537498428	A u gʲaɢɨr, ti edemijes jüǯ ʁaǯagujne.	Посмотрев вокруг увидев что тот не заметил его	kna_pears_saa_8.TextGrid
4	2.0107086441267583	DIST	ADNOM	ANIM	DIST_NP	Ti edemijed	man	25.63603835793915	26.12116542981234	Ti edemijed ala kʲaqlawɨd χɨˤrbɨr ad... kar χaqɨna, qoˤʁoˤra.	того человека снизу с грушами вещь забрав уходит	DIST_NP	ti edemijes	man	23.102885174872032	23.62532971381239	A u gʲaɢɨr, ti edemijes jüǯ ʁaǯagujne.	Посмотрев вокруг увидев что тот не заметил его	kna_pears_saa_8.TextGrid
18	9.686340903120687	MED	INDEP	ANIM	MED	hanowus	boy	47.068920420206126	47.44648538112101	Xibdɨ χɨnχɨra hanowus... kumag hɨɨr, Jahmiš q'ɨɨr χɨˤrbɨˤr tiʔ... tiʔna qaˤtχɨˤr.	три мальчика ему... помогли , собрали груши и туда ушли	ZERO	hukur	boy	37.292578567099916	37.38257951708544	Rɨša hukur,	посмотрев на девушку	kna_pears_saa_8.TextGrid
10	0.7605612252279954	MED	INDEP	ANIM	MED	hanowdɨ	boy	62.780800219896534	63.23739040518895	Jawaš hišijne bejda qɨtxɨr hanowdɨ q'ak qɨwɨlc'ara.	когда остановился близко подошли и отдали ему свою шапку	ZERO	hišijne	boy	61.9456040605342	62.02023899466854	Jawaš hišijne bejda qɨtxɨr hanowdɨ q'ak qɨwɨlc'ara.	когда остановился близко подошли и отдали ему свою шапку	kna_pears_saa_8.TextGrid
5	2.7065696476733763	DIST	INDEP	ANIM	DIST	tinowa	boy	65.94396005286232	66.40933081864114	Q'ak qɨwɨrne, tinowa xib χɨˤr wɨlc'ara, xibnowɨs.	вернув шапку, тот дает троим каждому по одной груше	MED	hanowdɨ	boy	62.780800219896534	63.23739040518895	Jawaš hišijne bejda qɨtxɨr hanowdɨ q'ak qɨwɨlc'ara.	когда остановился близко подошли и отдали ему свою шапку	kna_pears_saa_8.TextGrid
5	2.2953758532140114	DIST	INDEP	ANIM	DIST	Tin	boy	68.70470667185515	68.91544060352857	Tin tisana qaˤrχɨˤr mi xibɨr, χɨˤr kʲaq'lawanowdɨ bejda tiь dii.	тот ушел в другую сторону а эти трое проходят мимо того кто срывал груши	DIST	tinowa	boy	65.94396005286232	66.40933081864114	Q'ak qɨwɨrne, tinowa xib χɨˤr wɨlc'ara, xibnowɨs.	вернув шапку, тот дает троим каждому по одной груше	kna_pears_saa_8.TextGrid
4	1.585393140742795	PROX	ADNOM	ANIM	PROX_NP	mi xibɨr	boys	69.82296343309214	70.46175066347722	Tin tisana qaˤrχɨˤr mi xibɨr, χɨˤr kʲaq'lawanowdɨ bejda tiь dii.	тот ушел в другую сторону а эти трое проходят мимо того кто срывал груши	NP	xibnowɨs	boys	67.66902770585543	68.23757029234935	Q'ak qɨwɨrne, tinowa xib χɨˤr wɨlc'ara, xibnowɨs.	вернув шапку, тот дает троим каждому по одной груше	kna_pears_saa_8.TextGrid
14	0.5531765706427336	SELF	INDEP	ANIM	SELF	ǯu	man	75.93934099903089	76.18519725264989	edemi saʔ eqeč'ur gʲahama ǯu kʲaq'lawɨd sabajdɨ kar sugurani jii.	спустившись он видит что олна карзина которую он собрал потерялась	NP	edemi	man	75.09421012721559	75.38616442838816	edemi saʔ eqeč'ur gʲahama ǯu kʲaq'lawɨd sabajdɨ kar sugurani jii.	спустившись он видит что олна карзина которую он собрал потерялась	kna_pears_saa_8.TextGrid
7	2.6434530893531587	MED	INDEP	ANIM	MED	Hanowus	man	86.75713247796959	87.22030809862682	Hanowus fikɨr wišir,	ему показалось	ZERO	hurkama	man	84.06099590569808	84.11367938861643	Sugubajdɨ kar... Sugud kardi hurkama bejda tiʔ xibɨr q'idi χɨˤr wiilera.	то что потерялось... отвлекшись на потерянное он видит что мимо проходят мальчиков кушая груши	kna_pears_saa_8.TextGrid
7	2.8190876429324163	MED	ADNOM	ANIM	MED_NP	ha xibnuwa	boys	88.40398968211714	88.95936139788148	ha xibnuwa dagul hɨɨr hanuwdɨ χɨˤrbɨr.	что эти трое украли его груши	NP	xibɨr q'idi	boys	85.05587206487957	85.58490203918473	Sugubajdɨ kar... Sugud kardi hurkama bejda tiʔ xibɨr q'idi χɨˤr wiilera.	то что потерялось... отвлекшись на потерянное он видит что мимо проходят мальчиков кушая груши	kna_pears_saa_8.TextGrid
7	2.4675021231907124	MED	INDEP	ANIM	MED	hanuwdɨ	man	89.68781022181753	90.0873266339484	ha xibnuwa dagul hɨɨr hanuwdɨ χɨˤrbɨr.	что эти трое украли его груши	MED	Hanowus	man	86.75713247796959	87.22030809862682	Hanowus fikɨr wišir,	ему показалось	kna_pears_saa_8.TextGrid
16	0.689275568181813	MED	ADNOM	ANIM	MED_NP	had edemi	man	102.85068955547625	103.5092330919557	Sa süpelmarad uu šlʲapa had edemi irdɨ kaldɨ hum ad lɨˤχdɨ niʔijid.	Один усатый со шлпяой на голове этот человек, красноватый оттенок есть, темно-боярышниковый	ONE_NP	Sa süpelmarad	man	100.99798707284742	102.16141398729444	Sa süpelmarad uu šlʲapa had edemi irdɨ kaldɨ hum ad lɨˤχdɨ niʔijid.	Один усатый со шлпяой на голове этот человек, красноватый оттенок есть, темно-боярышниковый	kna_pears_sai_9.TextGrid
12	1.5146501339027196	PROX	INDEP	ANIM	PROX	minuwa	man	123.0392077270125	123.48262704157533	Saʔ seqeč'ur, kʲaqlɨʔɨd χɨˤrbɨr minuwa xura gid lejlima aʔara.	Спустившись вниз, собранные груши он в находящийся впереди фартук внутрь ложит	ZERO	seqeč'ur	man	121.41480033702987	121.52455759310978	Saʔ seqeč'ur, kʲaqlɨʔɨd χɨˤrbɨr minuwa xura gid lejlima aʔara.	Спустившись вниз, собранные груши он в находящийся впереди фартук внутрь ложит	kna_pears_sai_9.TextGrid
1	0.3380523487261087	PROX	INDEP	ANIM	PROX	minuw	man	138.79761758909166	139.52201547921905	minuw... xura laʔ ǯudɨ jaalɨʁ kaldɨ gini wiʔi.	он... впереди вверху у него (самого) типа платка привязан.	ZERO	qɨʔɨr	man	138.36297885501523	138.45956524036555	Sa bajdɨ t'aka q'aˤra qɨʔɨr,	В одну из корзин пересыпал,	kna_pears_sai_9.TextGrid
11	0.6981870575562255	SELF	INDEP	ANIM	SELF	ǯudɨ	man	140.22020253677528	140.45288791966468	minuw... xura laʔ ǯudɨ jaalɨʁ kaldɨ gini wiʔi.	он... впереди вверху у него (самого) типа платка привязан.	PROX	minuw	man	138.79761758909166	139.52201547921905	minuw... xura laʔ ǯudɨ jaalɨʁ kaldɨ gini wiʔi.	он... впереди вверху у него (самого) типа платка привязан.	kna_pears_sai_9.TextGrid
10	3.7234243073383766	MED	ADNOM	INANIM	MED_NP	Had jaalɨʁ	scarf	144.7207082171594	145.69535265114897	Had jaalɨʁ minowa lewšur.	Этот платок он взял.	NP	jaalɨʁ	scarf	140.47922966112387	140.99728390982102	minuw... xura laʔ ǯudɨ jaalɨʁ kaldɨ gini wiʔi.	он... впереди вверху у него (самого) типа платка привязан.	kna_pears_sai_9.TextGrid
13	6.17344626266987	PROX	INDEP	ANIM	PROX	minowa	man	158.01131678145438	158.53376132039475	C'ihid un hišijne minowa χɨˤr uu liqiwxir,	Услышав козлинный голос он поставив грушу,	ZERO	ijma	man	151.76762587489338	151.8378705187845	Uu, qeʁip'ir uu χɨˤroˤji ʁaˤwɨˤχɨˤr wiʔiles hɨgad ijma šiwijden.	Отвязав, на грушу протер, поесть хотел возможно.	kna_pears_sai_9.TextGrid
20	7.060350891553952	PROX	ADNOM	ANIM	PROX_NP	Mi edemi	man2	179.67951603729819	180.28098580061607	Mi edemi hasa χana haˤrχɨˤr.	это человек держа ее прошел	NP	edemi	man2	172.3074545384773	172.61916514574423	Tinʲa miʔ edemi geɣipxura c'iʔ xana walgad.	Оттуда сюда идет человек, слышно козу.	kna_pears_sai_9.TextGrid
31	14.151170906405468	PROX	INDEP	ANIM	PROX	mid	man	185.32577783510206	185.4004127692364	Xele kande, ma mid saʔ seč'ur ara χɨˤrbɨr aq'ɨɨr šuw haʔas xujne tinʲa miь sa χɨnɨχ gehipxura.	Потом, опять он спустившись закинуть груши в карзину оттуда сюда с далека идет мальчик.	RUS	on	man	170.49411194100117	171.1746069286966	Uže laʔ q'öölmɨ počti leč'uranijii on.	Уже на вершину (дерева) почти залез он	kna_pears_sai_9.TextGrid
12	4.193187362846771	PROX	ADNOM	ANIM	PROX_NP	mi χɨnɨχ	boy	197.0007834075352	197.33883575626132	mi χɨnɨχ tinʲa miʔ jirq'ɨr gʲaɢama t'akbɨr jii q'ʷad t'ak jii ara χɨˤrbɨr ad	этот мальчик подойдя смотрит, видит карзины  две карзины с грушами	ZERO	hagʷara	boy	192.76369314225647	192.80759604468844	Χɨrɨda xuʔ t'ilijmɨd ariя xuʔ hagʷara welisipeda hana.	с далека  сквозь листья он видит его на велосипеде	kna_pears_sai_9.TextGrid
9	3.920943731986256	PROX	INDEP	ANIM	PROX	minow	boy	202.66491036621193	202.97662097347887	minow sada χɨl sigɨr laʔ lewšur sa q'ʷaˤb lewšus xur welisiped a luwka hawɨr bejda	он сперва решил взять одну две груши велосипед тоже положил на землю	ZERO	gʲaɢama	boy	198.66933170009133	198.74396663422567	mi χɨnɨχ tinʲa miʔ jirq'ɨr gʲaɢama t'akbɨr jii q'ʷad t'ak jii ara χɨˤrbɨr ad	этот мальчик подойдя смотрит, видит карзины  две карзины с грушами	kna_pears_sai_9.TextGrid
5	1.7739172578792761	PROX	INDEP	ANIM	PROX	minowa	boy	213.4661152718746	214.13343938884043	minowa, t'ak tiʔ welisepedad bejda jiχir,	он, карзину ближе к велосипеду поднес	ZERO	ǯuhüra	boy	211.62634366034737	211.69219801399532	ǯibra laʔ gʲaɢɨr saʔ gʲaɢɨr edemied ses ǯuhüra hagune uu χuka had	потом наверх посмотрев вниз посмотрев увидев что мужчины не слышно с дерева	kna_pears_sai_9.TextGrid
3	1.119524012015063	SELF	INDEP	ANIM	SELF	jüǯ	boy	217.86551336777725	218.11575991163943	uu welisipeda jüǯ leč'ur,	сел сам на велосипед	ZERO	jiχir	boy	216.68452529235745	216.7459893557622	minowa, t'ak tiʔ welisepedad bejda jiχir,	он, карзину ближе к велосипеду поднес	kna_pears_sai_9.TextGrid
2	1.0756211095830963	PROX	INDEP	ANIM	PROX	minowa	boy	223.51199389237559	223.90272972402005	Hiwirgara minowa welosipedakan χana qühüra.	едет он на велосипедеде загрузив уезжает	ZERO	lixir	boy	222.3090543657398	222.4363727827925	xele q'ündɨ χɨlira t'ak jiʔi χɨˤrojmɨra acɨd t'ak uu lixir.	потом обоими руками наполненную карзину ставит навех	kna_pears_sai_9.TextGrid
38	17.606656600020926	PROX	ADNOM	ANIM	PROX_NP	mi edejmijed	man	228.38132758948424	228.9915779332885	Hɨˤsaba hɨɨjne dagul hɨɨd ruura man mi edejmijed.	если посчитать, получается что он украл у этого мужика	NP	edemied	man	210.48491183341235	210.77467098946332	ǯibra laʔ gʲaɢɨr saʔ gʲaɢɨr edemied ses ǯuhüra hagune uu χuka had	потом наверх посмотрев вниз посмотрев увидев что мужчины не слышно с дерева	kna_pears_sai_9.TextGrid
33	0.056813409557548766	MED	INDEP	ANIM	MED	had	girl	238.06709331930307	238.33490102413805	sahaldɨ ǯigij hiwirgara hɨxɨne tinʲa miь rɨšʲa uu sa mmm... ǯihil bɨt'rad rɨš had ǯudɨ taj kaldɨ rɨš had welisipeda uu rɨš hana tinʲa miʔ (wuruura).	чуть проехав оттуда сюда за девушкой  одна мололдая красивая девушка была ее ровестница, они на велосипеде шли оттуда сюда	NP	rɨš	girl	237.8083265585585	238.01027990974552	sahaldɨ ǯigij hiwirgara hɨxɨne tinʲa miь rɨšʲa uu sa mmm... ǯihil bɨt'rad rɨš had ǯudɨ taj kaldɨ rɨš had welisipeda uu rɨš hana tinʲa miʔ (wuruura).	чуть проехав оттуда сюда за девушкой  одна мололдая красивая девушка была ее ровестница, они на велосипеде шли оттуда сюда	kna_pears_sai_9.TextGrid
38	3.5210782294873866	SELF	INDEP	ANIM	SELF	ǯudɨ	boy	238.53246408508187	238.91002904599677	sahaldɨ ǯigij hiwirgara hɨxɨne tinʲa miь rɨšʲa uu sa mmm... ǯihil bɨt'rad rɨš had ǯudɨ taj kaldɨ rɨš had welisipeda uu rɨš hana tinʲa miʔ (wuruura).	чуть проехав оттуда сюда за девушкой  одна мололдая красивая девушка была ее ровестница, они на велосипеде шли оттуда сюда	ZERO	hiwirgara	boy	234.95431208243295	235.01138585559448	sahaldɨ ǯigij hiwirgara hɨxɨne tinʲa miь rɨšʲa uu sa mmm... ǯihil bɨt'rad rɨš had ǯudɨ taj kaldɨ rɨš had welisipeda uu rɨš hana tinʲa miʔ (wuruura).	чуть проехав оттуда сюда за девушкой  одна мололдая красивая девушка была ее ровестница, они на велосипеде шли оттуда сюда	kna_pears_sai_9.TextGrid
26	1.3568833210715923	MED	INDEP	ANIM	MED	had	girl	239.69178434520964	241.1844830278964	sahaldɨ ǯigij hiwirgara hɨxɨne tinʲa miь rɨšʲa uu sa mmm... ǯihil bɨt'rad rɨš had ǯudɨ taj kaldɨ rɨš had welisipeda uu rɨš hana tinʲa miʔ (wuruura).	чуть проехав оттуда сюда за девушкой  одна мололдая красивая девушка была ее ровестница, они на велосипеде шли оттуда сюда	MED	had	girl	238.06709331930307	238.33490102413805	sahaldɨ ǯigij hiwirgara hɨxɨne tinʲa miь rɨšʲa uu sa mmm... ǯihil bɨt'rad rɨš had ǯudɨ taj kaldɨ rɨš had welisipeda uu rɨš hana tinʲa miʔ (wuruura).	чуть проехав оттуда сюда за девушкой  одна мололдая красивая девушка была ее ровестница, они на велосипеде шли оттуда сюда	kna_pears_sai_9.TextGrid
16	5.41403514133691	PROX	INDEP	ANIM	PROX	mid	boy	244.32406418733368	244.46894376535914	Sa sɨnowdɨ bejda lediq'ɨjne mid mi rɨšeχda gʲahɨrne,	подойдя друг к другу , посмотрев на эту девушку	SELF	ǯudɨ	boy	238.53246408508187	238.91002904599677	sahaldɨ ǯigij hiwirgara hɨxɨne tinʲa miь rɨšʲa uu sa mmm... ǯihil bɨt'rad rɨš had ǯudɨ taj kaldɨ rɨš had welisipeda uu rɨš hana tinʲa miʔ (wuruura).	чуть проехав оттуда сюда за девушкой  одна мололдая красивая девушка была ее ровестница, они на велосипеде шли оттуда сюда	kna_pears_sai_9.TextGrid
18	3.3327539301378977	PROX	ADNOM	ANIM	PROX_NP	mi rɨšeχda	girl	244.5172369580343	245.04407178721786	Sa sɨnowdɨ bejda lediq'ɨjne mid mi rɨšeχda gʲahɨrne,	подойдя друг к другу , посмотрев на эту девушку	MED	had	girl	239.69178434520964	241.1844830278964	sahaldɨ ǯigij hiwirgara hɨxɨne tinʲa miь rɨšʲa uu sa mmm... ǯihil bɨt'rad rɨš had ǯudɨ taj kaldɨ rɨš had welisipeda uu rɨš hana tinʲa miʔ (wuruura).	чуть проехав оттуда сюда за девушкой  одна мололдая красивая девушка была ее ровестница, они на велосипеде шли оттуда сюда	kna_pears_sai_9.TextGrid
9	4.680420307763171	PROX	INDEP	ANIM	PROX	minowdɨ	boy	249.1493640731223	249.5093678730644	haduqun bejda xuʔ welisipedbɨr haˤtχɨˤne minowdɨ huq'li had q'ak saʔ sipxura.	столько велосипедов проехали мимо и у него падает шапка с головы	PROX	mid	boy	244.32406418733368	244.46894376535914	Sa sɨnowdɨ bejda lediq'ɨjne mid mi rɨšeχda gʲahɨrne,	подойдя друг к другу , посмотрев на эту девушку	kna_pears_sai_9.TextGrid
20	1.953679158222343	PROX	INDEP	INANIM	PROX	mid	bike	254.54109867287525	254.75183260454867	I welosiped xa xura rɨˤɢaˤ gid dahras xura jɨˤwχɨˤr mid luw... lurkara.	и велосипед тоже столкнувшись об камень падает	NP	welosiped xa	bike	252.17912252203567	252.5874195146529	I welosiped xa xura rɨˤɢaˤ gid dahras xura jɨˤwχɨˤr mid luw... lurkara.	и велосипед тоже столкнувшись об камень падает	kna_pears_sai_9.TextGrid
12	7.688052760276605	PROX	INDEP	ANIM	PROX	minowa	boy	265.2194845424684	265.73753879116555	Ha aˤrie minowa ǯudɨ eda hɨɨd q'ʷaq'ɨ χɨl saˤjχaˤra šuuw miʔ tiʔ gʲaɢad waχtinde.	в это время он свою болячку протирает рукойв то время когла туда сюда смотрел	ZERO	gʲaǯarhɨr	boy	257.49191917000303	257.5314317821918	Rɨš heč q'uʔ xa gʲaǯarhɨr haˤrχɨˤr.	девочка даже не посмотрев назад проезжает	kna_pears_sai_9.TextGrid
15	0.03951261218878699	SELF	INDEP	ANIM	SELF	ǯudɨ	boy	265.77705140335433	265.99656591551417	Ha aˤrie minowa ǯudɨ eda hɨɨd q'ʷaq'ɨ χɨl saˤjχaˤra šuuw miʔ tiʔ gʲaɢad waχtinde.	в это время он свою болячку протирает рукойв то время когла туда сюда смотрел	PROX	minowa	boy	265.2194845424684	265.73753879116555	Ha aˤrie minowa ǯudɨ eda hɨɨd q'ʷaq'ɨ χɨl saˤjχaˤra šuuw miʔ tiʔ gʲaɢad waχtinde.	в это время он свою болячку протирает рукойв то время когла туда сюда смотрел	kna_pears_sai_9.TextGrid
11	4.52245713160022	SELF	INDEP	ANIM	SELF	jüǯ	boy	274.1501421686056	274.3564858100358	Tinʲa miʁ χukad q'aneq'la miʔ xibɨr [...] χɨnɨχ gehdirxʷara jüǯ kaldɨ sa ǯula q'ɨxdɨ kaldɨ ǯʷer kaʔdɨ kaldɨ.	оттуда сюда по деревом сюда появляются три мальчика такие как он чуть старше  сами младше были	ZERO	gʲaɢad	boy	269.5574403931143	269.6276850370054	Ha aˤrie minowa ǯudɨ eda hɨɨd q'ʷaq'ɨ χɨl saˤjχaˤra šuuw miʔ tiʔ gʲaɢad waχtinde.	в это время он свою болячку протирает рукойв то время когла туда сюда смотрел	kna_pears_sai_9.TextGrid
28	2.1161198972205284	SELF	INDEP	ANIM	SELF	ǯʷer	boys	275.65168688622265	275.89315284959844	Tinʲa miʁ χukad q'aneq'la miʔ xibɨr [...] χɨnɨχ gehdirxʷara jüǯ kaldɨ sa ǯula q'ɨxdɨ kaldɨ ǯʷer kaʔdɨ kaldɨ.	оттуда сюда по деревом сюда появляются три мальчика такие как он чуть старше  сами младше были	NP	xibɨr [...] χɨnɨχ	boys	272.44238471844625	273.5355669890021	Tinʲa miʁ χukad q'aneq'la miʔ xibɨr [...] χɨnɨχ gehdirxʷara jüǯ kaldɨ sa ǯula q'ɨxdɨ kaldɨ ǯʷer kaʔdɨ kaldɨ.	оттуда сюда по деревом сюда появляются три мальчика такие как он чуть старше  сами младше были	kna_pears_sai_9.TextGrid
3	1.4052419681908077	MED	INDEP	ANIM	MED	Habišdɨ	boys	277.29839481778924	277.58815397384024	Habišdɨ χɨle, dülq'ed tupna q'ala kaldɨ šuwbɨr χani jiij.	у них в руках были мячик для игры..или что-то типо этого	SELF	ǯʷer	boys	275.65168688622265	275.89315284959844	Tinʲa miʁ χukad q'aneq'la miʔ xibɨr [...] χɨnɨχ gehdirxʷara jüǯ kaldɨ sa ǯula q'ɨxdɨ kaldɨ ǯʷer kaʔdɨ kaldɨ.	оттуда сюда по деревом сюда появляются три мальчика такие как он чуть старше  сами младше были	kna_pears_sai_9.TextGrid
10	0.04335411615153362	DIST	INDEP	ANIM	DIST	tinbɨr	boys	282.5452498395167	282.9974497345659	Seesamɨr ǯɨɨr tinbɨr jidq'ɨr bejda Jahmiš qɨɨr t'aka ara.	ничего не сказав (тихо) те подошли и собрали в карзину	ZERO	ǯɨɨr	boys	282.4486634541664	282.5018957233652	Seesamɨr ǯɨɨr tinbɨr jidq'ɨr bejda Jahmiš qɨɨr t'aka ara.	ничего не сказав (тихо) те подошли и собрали в карзину	kna_pears_sai_9.TextGrid
5	2.590271243485745	PROX	INDEP	ANIM	PROX	mibɨr	boys	286.9226755749129	287.42316866263724	Ara iqixir, mibɨr q'üdhüra tiʔ.	собрав они уходят туда	ZERO	qɨɨr	boys	284.284111138752	284.33240433142714	Seesamɨr ǯɨɨr tinbɨr jidq'ɨr bejda Jahmiš qɨɨr t'aka ara.	ничего не сказав (тихо) те подошли и собрали в карзину	kna_pears_sai_9.TextGrid
41	19.60891258684245	PROX	INDEP	ANIM	PROX	minuwdɨ	boy	293.96539839687824	294.3210119065771	Raˤq'na raˤq'na q'udhüga tiʔkalde q'ɨdxɨr gedirhema mi sabajnuwɨs miя minuwdɨ huq'lila ti xura hɨˤχɨˤga welisipedakan (t'a...) saʔ sitxud q'ʷak hagʷara.	по дороге, по дороге уходя чуть туда уходя один из них там его упавшую шапку после столкновения с камнем на велосипеде	SELF	jüǯ	boy	274.1501421686056	274.3564858100358	Tinʲa miʁ χukad q'aneq'la miʔ xibɨr [...] χɨnɨχ gehdirxʷara jüǯ kaldɨ sa ǯula q'ɨxdɨ kaldɨ ǯʷer kaʔdɨ kaldɨ.	оттуда сюда по деревом сюда появляются три мальчика такие как он чуть старше  сами младше были	kna_pears_sai_9.TextGrid
16	1.220609778348603	DIST	INDEP	ANIM	DIST	ti	boys	294.8391534278663	295.06744852051247	Raˤq'na raˤq'na q'udhüga tiʔkalde q'ɨdxɨr gedirhema mi sabajnuwɨs miя minuwdɨ huq'lila ti xura hɨˤχɨˤga welisipedakan (t'a...) saʔ sitxud q'ʷak hagʷara.	по дороге, по дороге уходя чуть туда уходя один из них там его упавшую шапку после столкновения с камнем на велосипеде	NP	sabajnuwɨs	boys	293.1180505617933	293.6185436495177	Raˤq'na raˤq'na q'udhüga tiʔkalde q'ɨdxɨr gedirhema mi sabajnuwɨs miя minuwdɨ huq'lila ti xura hɨˤχɨˤga welisipedakan (t'a...) saʔ sitxud q'ʷak hagʷara.	по дороге, по дороге уходя чуть туда уходя один из них там его упавшую шапку после столкновения с камнем на велосипеде	kna_pears_sai_9.TextGrid
22	9.83538468845552	PROX	INDEP	ANIM	PROX	minuw	boy	304.1563965950326	304.45054604132673	Mij q'irq'ɨr minuw haˤrnuwɨs sa-sa χɨˤr haga lepšura χɨˤrbɨˤr xa lešur mibɨr q'üdhüra.	сюда приодя  каждому по груше он только тогда берет и они уходят	PROX	minuwdɨ	boy	293.96539839687824	294.3210119065771	Raˤq'na raˤq'na q'udhüga tiʔkalde q'ɨdxɨr gedirhema mi sabajnuwɨs miя minuwdɨ huq'lila ti xura hɨˤχɨˤga welisipedakan (t'a...) saʔ sitxud q'ʷak hagʷara.	по дороге, по дороге уходя чуть туда уходя один из них там его упавшую шапку после столкновения с камнем на велосипеде	kna_pears_sai_9.TextGrid
23	3.007348816589399	PROX	INDEP	ANIM	PROX	mibɨr	boys	306.95303329809656	307.3393788394978	Mij q'irq'ɨr minuw haˤrnuwɨs sa-sa χɨˤr haga lepšura χɨˤrbɨˤr xa lešur mibɨr q'üdhüra.	сюда приодя  каждому по груше он только тогда берет и они уходят	ZERO	q'irq'ɨr	boys	303.86665925712964	303.94568448150716	Mij q'irq'ɨr minuw haˤrnuwɨs sa-sa χɨˤr haga lepšura χɨˤrbɨˤr xa lešur mibɨr q'üdhüra.	сюда приодя  каждому по груше он только тогда берет и они уходят	kna_pears_sai_9.TextGrid
3	2.783880377146488	PROX	INDEP	ANIM	PROX	mibɨr	boys	310.12325921664427	310.47009214585677	Q'ɨtxɨr mibɨr [...] mada ti χɨˤrbɨˤr kʲahaad edemi,	уходят они и опять тот человек который срывает груши	PROX	mibɨr	boys	306.95303329809656	307.3393788394978	Mij q'irq'ɨr minuw haˤrnuwɨs sa-sa χɨˤr haga lepšura χɨˤrbɨˤr xa lešur mibɨr q'üdhüra.	сюда приодя  каждому по груше он только тогда берет и они уходят	kna_pears_sai_9.TextGrid
179	82.33023051974834	DIST	ADNOM	ANIM	DIST_COMPLEX_NP	ti χɨˤrbɨˤr kʲahaad edemi	man	311.32180845303685	312.8364585869395	Q'ɨtxɨr mibɨr [...] mada ti χɨˤrbɨˤr kʲahaad edemi,	уходят они и опять тот человек который срывает груши	PROX_NP	mi edejmijed	man	228.38132758948424	228.9915779332885	Hɨˤsaba hɨɨjne dagul hɨɨd ruura man mi edejmijed.	если посчитать, получается что он украл у этого мужика	kna_pears_sai_9.TextGrid
12	5.176588559688298	PROX	ADNOM	ANIM	PROX_NP	mi χɨnimer	boys	315.64668070554507	316.1208320518102	ha waχtinde, ula saʔ saˤq'aˤbhüra mi χɨnimer tiʔ q'idid waχtinde.	в это время сверху вниз спускается в то время как мальчики проходят мимо	PROX	mibɨr	boys	310.12325921664427	310.47009214585677	Q'ɨtxɨr mibɨr [...] mada ti χɨˤrbɨˤr kʲahaad edemi,	уходят они и опять тот человек который срывает груши	kna_pears_sai_9.TextGrid
28	1.5453821656050195	PROX	INDEP	ANIM	PROX	mibišda	boys	330.0967186207079	330.3601360352997	Χɨnimer tinʲa miʔ xibɨr χɨnɨχ ʁedürgera mibišda sešun χadiš χɨlabɨr mɨkʷan dülqera ǯʷer ǯukan dalgara qidid χɨnimer dii hasa bejda tiʔ q'üdhüra.	мальчики оттуда сюда он видит троих мальчикову них в руках нет ничего играются своими руками разоваривают между собой идут мальчики и ипроходят мимо	NP	Χɨnimer	boys	328.0991365600537	328.5513364551029	Χɨnimer tinʲa miʔ xibɨr χɨnɨχ ʁedürgera mibišda sešun χadiš χɨlabɨr mɨkʷan dülqera ǯʷer ǯukan dalgara qidid χɨnimer dii hasa bejda tiʔ q'üdhüra.	мальчики оттуда сюда он видит троих мальчикову них в руках нет ничего играются своими руками разоваривают между собой идут мальчики и ипроходят мимо	kna_pears_sai_9.TextGrid
28	2.3445028077731536	SELF	INDEP	ANIM	SELF	ǯʷer ǯukan	boys	332.70463884307287	333.2534251234724	Χɨnimer tinʲa miʔ xibɨr χɨnɨχ ʁedürgera mibišda sešun χadiš χɨlabɨr mɨkʷan dülqera ǯʷer ǯukan dalgara qidid χɨnimer dii hasa bejda tiʔ q'üdhüra.	мальчики оттуда сюда он видит троих мальчикову них в руках нет ничего играются своими руками разоваривают между собой идут мальчики и ипроходят мимо	PROX	mibišda	boys	330.0967186207079	330.3601360352997	Χɨnimer tinʲa miʔ xibɨr χɨnɨχ ʁedürgera mibišda sešun χadiš χɨlabɨr mɨkʷan dülqera ǯʷer ǯukan dalgara qidid χɨnimer dii hasa bejda tiʔ q'üdhüra.	мальчики оттуда сюда он видит троих мальчикову них в руках нет ничего играются своими руками разоваривают между собой идут мальчики и ипроходят мимо	kna_pears_sai_9.TextGrid
16	1.027327916907936	MED	INDEP	ANIM	MED	had	man2	18.278247555097973	18.61190961358089	sa edemi jirq'ɨr c'ih χana haja had uˤtmiš jišir ǯukla	один человек шел козу ведя оттуда он мимо прошел от него	ONE_NP	sa edemi	man2	16.60993726268338	17.250919638190037	sa edemi jirq'ɨr c'ih χana haja had uˤtmiš jišir ǯukla	один человек шел козу ведя оттуда он мимо прошел от него	kna_pears_man_13.TextGrid
19	7.720584439447828	SELF	INDEP	ANIM	SELF	ǯukla	man	19.244111408601157	19.722653045109553	sa edemi jirq'ɨr c'ih χana haja had uˤtmiš jišir ǯukla	один человек шел козу ведя оттуда он мимо прошел от него	ZERO	leč'ur	man	11.435721164289404	11.523526969153329	laʔ leč'ur keʁijid kaldɨ ǯigaja ?	наверх поднявшись, на отдаленном месте	kna_pears_man_13.TextGrid
4	1.0759839319454194	SELF	INDEP	ANIM	SELF	ǯu	man	20.798636977054972	20.952297135566845	ha aala tiʔ ǯu karzinaje aʔara χɨˤrbɨr	снизу туда он в корзину сыпет груши	SELF	ǯukla	man	19.244111408601157	19.722653045109553	sa edemi jirq'ɨr c'ih χana haja had uˤtmiš jišir ǯukla	один человек шел козу ведя оттуда он мимо прошел от него	kna_pears_man_13.TextGrid
6	2.7823809027671054	SELF	INDEP	ANIM	SELF	jüǯ	man	23.73467803833395	24.04199835535769	ǯibra s... jüǯ laʔ leč'ujne sa χɨnɨχ ruʔuraj	после как он поднялся, один мальчик идет	SELF	ǯu	man	20.798636977054972	20.952297135566845	ha aala tiʔ ǯu karzinaje aʔara χɨˤrbɨr	снизу туда он в корзину сыпет груши	kna_pears_man_13.TextGrid
9	5.988130913923289	PROX	ADNOM	ANIM	PROX_NP	mi edemijes	man	30.03012926928098	30.57891554968052	welikakʷan jirq'ɨr mi edemijes ʁargʷardiš χɨnɨχ	на велосипеде приехал, тот человек мальчика не увидел	SELF	jüǯ	man	23.73467803833395	24.04199835535769	ǯibra s... jüǯ laʔ leč'ujne sa χɨnɨχ ruʔuraj	после как он поднялся, один мальчик идет	kna_pears_man_13.TextGrid
1	1.1239143022582532	PROX	ADNOM	ANIM	PROX_NP	mi χɨnχɨra	boy	32.83102195554198	33.93737509682745	mi χɨnχɨra saʔ seč'ur	это мальчик, вниз спустился.	NP	χɨnɨχ	boy	31.276859209450485	31.707107653283725	welikakʷan jirq'ɨr mi edemijes ʁargʷardiš χɨnɨχ	на велосипеде приехал, тот человек мальчика не увидел	kna_pears_man_13.TextGrid
21	11.661301677361738	PROX	ADNOM	ANIM	PROX_NP	mi edemijes	man	42.24021722704226	42.74071031476664	ǯibra karzina dagul haʔara, mi edemijes ʁargʷardiš dagul waʔaga χɨnχɨra	потом корзину крадет, этот человек не увидел как мальчик украл	PROX_NP	mi edemijes	man	30.03012926928098	30.57891554968052	welikakʷan jirq'ɨr mi edemijes ʁargʷardiš χɨnɨχ	на велосипеде приехал, тот человек мальчика не увидел	kna_pears_man_13.TextGrid
23	11.420215962994376	PROX	INDEP	ANIM	PROX	mid	boy	45.35759105982183	45.64295992562959	mid qiʔi welika uuxa liwxir χɨnɨχ	он обратно на велике сверху поставил, парень	PROX_NP	mi χɨnχɨra	boy	32.83102195554198	33.93737509682745	mi χɨnχɨra saʔ seč'ur	это мальчик, вниз спустился.	kna_pears_man_13.TextGrid
17	8.504700419149728	PROX	INDEP	ANIM	PROX	qiʔina	boy	54.14766034477932	54.34961369596635	ǯibra uže qiʔina	потом, уже возвращаясь	PROX	mid	boy	45.35759105982183	45.64295992562959	mid qiʔi welika uuxa liwxir χɨnɨχ	он обратно на велике сверху поставил, парень	kna_pears_man_13.TextGrid
1	0.39073583164447	PROX	INDEP	ANIM	PROX	mid	boy	54.74034952761082	55.113524198282505	mid welika ʁana	он на велике	PROX	qiʔina	boy	54.14766034477932	54.34961369596635	ǯibra uže qiʔina	потом, уже возвращаясь	kna_pears_man_13.TextGrid
8	4.070732251317942	PROX	INDEP	ANIM	PROX	mid	boy	59.18425644960045	59.39060009103068	mid dahras šuw wišir	он на камень это самое	PROX	mid	boy	54.74034952761082	55.113524198282505	mid welika ʁana	он на велике	kna_pears_man_13.TextGrid
18	9.558370077516827	SELF	INDEP	ANIM	SELF	ǯudɨ	boy	68.9489701685475	69.25190019532805	ǯudɨ χɨˤrbɨrxa ǯudɨ karzina qɨwɨlc'ara	его груши его корзину отдали назад	PROX	mid	boy	59.18425644960045	59.39060009103068	mid dahras šuw wišir	он на камень это самое	kna_pears_man_13.TextGrid
